CÓD.,DESCRIPCIÓN,OCUPACIONES INCLUIDAS,GPR,PAG
1111,MIEMBROS DEL PODER EJECUTIVO Y DEL PODER LEGISLATIVO,"Presidentes del Gobierno Ministros del gobierno Diputados al Parlamento Secretarios de Estado Senadores
Miembros de los órganos de gobierno de las CC.AA.
Miembros de las asambleas legislativas de las CC.AA. Concejales
Alcaldes
Presidentes de Diputación provincial, Diputación Foral del País Vasco, Cabildo insular o Consejo insular
Diputados de Diputación provincial, Diputación Foral del País Vasco, Cabildo insular o Consejo insular
Miembros del Consejo General del Poder Judicial",F; G; J; L,36
1112,PERSONAL DIRECTIVO DE LA ADMINISTRACIÓN PÚBLICA,"Embajadores Cónsules generales
Subsecretarios de Estado
Directores de la función pública",F; G; J; L,38
1113,DIRECTORES DE ORGANIZACIONES DE INTERÉS SOCIAL,"Dirigentes, partido político Dirigentes, organización empresarial Dirigentes, sindicato de trabajadores Dirigentes, organización humanitaria
Dirigentes, fundación",F; G; J; L,40
1120,DIRECTORES GENERALES Y PRESIDENTES EJECUTIVOS,"Directores generales, empresa privada Directores generales, empresa pública Presidentes ejecutivos
Rectores de universidades",F; G; J; L,42
1211,DIRECTORES FINANCIEROS,"Directores financieros
Directores de departamentos de contabilidad Directores de departamentos de costes Directores de departamentos de presupuestos",F; G; J; L,44
1212,DIRECTORES DE RECURSOS HUMANOS,"Directores de departamentos de recursos humanos Directores de departamentos de relaciones laborales Directores de selección de personal
Directores de contratación
Directores de formación de personal",F; G; J; L,46
1219,DIRECTORES DE POLÍTICAS Y PLANIFICACIÓN Y DE OTROS DEPARTAMENTOS ADMINISTRATIVOS NO CLASIFICADOS BAJO OTROS EPÍGRAFES,"Directores de planificación corporativa Directores de instalaciones
Directores de departamentos de control de calidad
Directores de servicios de limpieza",F; G; J; L,48
1221,DIRECTORES COMERCIALES Y DE VENTAS,"Directores de comercialización Directores de comercio exterior Directores de ventas
Directores de servicio postventa
Directores de departamentos de estudios de mercado Directores de marketing",F; G; J; L,50
1222,DIRECTORES DE PUBLICIDAD Y RELACIONES PÚBLICAS,"Directores de publicidad Directores de relaciones públicas
Directores de gabinetes de prensa",F; G; J; L,52
CÓD.,DESCRIPCIÓN,OCUPACIONES INCLUIDAS,GPR,PAG
1223,DIRECTORES DE INVESTIGACIÓN Y DESARROLLO,"Directores de desarrollo de productos
Directores de departamentos de investigación y desarrollo (I+D)",F; G; J; L,54
1311,DIRECTORES DE PRODUCCIÓN DE EXPLOTACIONES AGROPECUARIAS Y FORESTALES,"Directores de silvicultura
Directores de explotaciones agrícolas Directores de explotaciones ganaderas",F; G; J; L,56
1312,DIRECTORES DE PRODUCCIÓN DE EXPLOTACIONES PESQUERAS Y ACUÍCOLAS,"Directores de explotaciones acuícolas
Directores de piscifactorías Directores de empresas pesqueras",F; G; J; L,58
1313,DIRECTORES DE INDUSTRIAS MANUFACTURERAS,"Fabricantes
Directores de industrias manufactureras
Directores de producción y operaciones (industrias manufactureras)",F; G; J; L,60
1314,DIRECTORES DE EXPLOTACIONES MINERAS,"Directores de minas
Directores de producción (minería)
Directores de producción (extracción de gas y petróleo) Directores de producción (cantera)
Directores de canteras",F; G; J; L,62
1315,"DIRECTORES DE EMPRESAS DE ABASTECIMIENTO, TRANSPORTE, DISTRIBUCIÓN Y AFINES","Directores de logística
Directores de abastecimiento y distribución Directores de cadena de suministros Directores de compras
Directores de empresa de transportes Directores de almacén
Jefes de estaciones de autobuses
Jefes de estaciones de ferrocarril",F; G; J; L,64
1316,DIRECTORES DE EMPRESAS DE CONSTRUCCIÓN,"Directores de proyectos de construcción
Constructores",F; G; J; L,66
1321,DIRECTORES DE SERVICIOS DE TECNOLOGÍAS DE LA INFORMACIÓN Y LAS COMUNICACIONES (TIC),"Directores de desarrollo de aplicaciones Directores de informática
Directores de proceso de datos Directores de desarrollo de TIC
Directores de tecnología de la información",F; G; J; L,68
1322,DIRECTORES DE SERVICIOS SOCIALES PARA NIÑOS,Directores de centros de cuidados infantiles fuera del sistema educativo,F; G; J; L,70
1323,DIRECTORES-GERENTES DE CENTROS SANITARIOS,"Directores de centros sanitarios Administradores de instalaciones sanitarias
Jefes de enfermeros",F; G; J; L,72
1324,DIRECTORES DE SERVICIOS SOCIALES PARA PERSONAS MAYORES,"Directores de centros de día para la tercera edad
Directores de residencias",F; G; J; L,74
1325,DIRECTORES DE OTROS SERVICIOS SOCIALES,"Directores de centros de acogida
Directores de otros centros de servicios sociales",F; G; J; L,76
1326,DIRECTORES DE SERVICIOS DE EDUCACIÓN,"Directores de centros de primaria Directores de centros de secundaria
Directores de centros de formación profesional Directores de universidades
Rectores de universidades",F; G; J; L,78
1327,"DIRECTORES DE SUCURSALES DE BANCOS, DE SERVICIOS FINANCIEROS Y DE SEGUROS","Directores de sucursales de banco Directores de cajas de ahorro Directores de cooperativas de crédito
Directores de agencias de seguros",F; G; J; L,80
CÓD.,DESCRIPCIÓN,OCUPACIONES INCLUIDAS,GPR,PAG
1329,DIRECTORES DE OTRAS EMPRESAS DE SERVICIOS PROFESIONALES NO CLASIFICADOS BAJO OTROS EPÍGRAFES,"Directores de archivos Directores de galerías de arte Directores de servicios jurídicos Directores de bibliotecas Directores de museos
Directores de establecimientos penitenciarios",F; G; J; L,82
1411,DIRECTORES Y GERENTES DE HOTELES,Gerentes de hoteles,F; G; J; L,84
1419,DIRECTORES Y GERENTES DE OTRAS EMPRESAS DE SERVICIOS DE ALOJAMIENTO,"Gerentes de albergues juveniles Gerentes de moteles
Gerentes de camping
Gerentes de camping de autocaravanas",F; G; J; L,86
1421,DIRECTORES Y GERENTES DE RESTAURANTES,Gerentes de restaurantes,F; G; J; L,88
1422,"DIRECTORES Y GERENTES DE BARES, CAFETERÍAS Y SIMILARES",Gerentes de bares y cafeterías,F; G; J; L,90
1429,DIRECTORES Y GERENTES DE EMPRESAS DE CATERING Y OTRAS EMPRESAS DE RESTAURACIÓN,Gerentes de catering,F; G; J; L,92
1431,"DIRECTORES Y GERENTES DE EMPRESAS DE
COMERCIO AL POR MAYOR",Gerentes de comercios al por mayor,F; G; J; L,94
1432,DIRECTORES Y GERENTES DE EMPRESAS DE COMERCIO AL POR MENOR,"Gerentes de comercios al por menor Gerentes de supermercados
Gerentes de establecimientos de alimentación
Gerentes de tiendas",F; G; J; L,96
1501,"DIRECTORES Y GERENTES DE EMPRESAS DE ACTIVIDADES RECREATIVAS, CULTURALES Y DEPORTIVAS","Gerentes de parques de atracciones Gerentes de salas de billar/juegos Gerentes de casinos
Gerentes de salas cinematográficas Gerentes de escuelas de equitación Gerentes de centros deportivos
Gerentes de salas teatrales",F; G; J; L,98
1509,DIRECTORES Y GERENTES DE EMPRESAS DE GESTIÓN DE RESIDUOS Y DE OTRAS EMPRESAS DE SERVICIOS NO CLASIFICADOS BAJO OTROS EPÍGRAFES,"Gerentes de empresas de gestión de residuos Gerentes de agencias de viajes
Gerentes de centros de conferencias
Gerentes de centros de contactos Gerentes de centros comerciales",F; G; J; L,100
2111,MÉDICOS DE FAMILIA,"Médicos de cabecera Médicos de familia
Médicos internos residentes especializados en Medicina
de Familia y Comunitaria",E; F; G; H; J; L; M,103
2112,OTROS MÉDICOS ESPECIALISTAS,"Médicos especialistas Cirujanos
Médicos internos residentes (excepto médicos de familia
y comunitaria) Endocrinólogos Oftalmólogos Psiquiatras
Médicos especializ. en rehabilitación",E; F; G; H; J; L; M,105
2121,ENFERMEROS NO ESPECIALIZADOS,"Diplomados en enfermería no especializados Graduados en enfermería no especializados
Enfermeros",E; F; G; H; J; L; M,107
CÓD.,DESCRIPCIÓN,OCUPACIONES INCLUIDAS,GPR,PAG
2122,ENFERMEROS ESPECIALIZADOS (EXCEPTO MATRONOS),"Enfermeros de geriatría Enfermeros de pediatría Enfermeros (enf. de salud mental) Enfermeros (enfermería del trabajo)
Enfermeros (enfermería familiar y comunitaria)
Enfermeros de cuidados médico-quirúrgicos",C; E; F; G; H; J; L; M,109
2123,MATRONOS,"Matronos
Enfermeros de obstetricia-ginecología",B; C; E; F; G; H; J; L; M,111
2130,VETERINARIOS,"Veterinarios Epidemiólogos veterinarios
Inspectores veterinarios",C; E; G; H; J; M,113
2140,FARMACÉUTICOS,"Farmacéuticos
Farmacéuticos titulares de farmacias Farmacéuticos de farmacia hospitalaria",E; F; G; J,115
2151,ODONTÓLOGOS Y ESTOMATÓLOGOS,"Odontólogos Dentistas
Médicos estomatólogos",C; E; F; G; H; J; M,117
2152,FISIOTERAPEUTAS,Fisioterapeutas,A; B; C; E; F; G; J; M,119
2153,DIETISTAS Y NUTRICIONISTAS,Diplomados en nutrición humana y dietética,F; G; J,121
2154,LOGOPEDAS,Logopedas,F; G; J; L,123
2155,ÓPTICOS-OPTOMETRISTAS,Ópticos-optometristas,E; F; G; H; J,125
2156,TERAPEUTAS OCUPACIONALES,Terapeutas ocupacionales,F; G; J; M,127
2157,PODÓLOGOS,"Podólogos
Callistas",E; F; G; J; M,129
2158,PROFESIONALES DE LA SALUD Y LA HIGIENE LABORAL Y AMBIENTAL,"Responsables corporativos de seguridad en el trabajo
Responsables técnicos de salud ambiental urbana Responsables de calidad y seguridad alimentaria Epidemiólogos
Técnicos en protección radiológica en instalaciones
nucleares",F; G; J,131
2159,PROFESIONALES DE LA SALUD NO CLASIFICADOS BAJO OTROS EPÍGRAFES,"Psicólogos clínicos
Terapeutas recreativos",F; G; J; L,133
2210,PROFESORES DE UNIVERSIDADES Y OTRA ENSEÑANZA SUPERIOR (EXCEPTO FORMACIÓN PROFESIONAL),"Catedráticos
Profesores titulados de universidad
Profesores de titulaciones propias en universidades Profesores de estudios superiores de música y danza
Profesores de arte dramático
Profesores de conservación y restauración de bienes culturales
Profesores de estudios superiores de artes plásticas y diseño",F; G; J; L,135
2220,PROFESORES DE FORMACIÓN PROFESIONAL (MATERIAS ESPECÍFICAS),"Maestros de taller de artes plásticas y diseño
Profesores de tecnología para la formación profesional",F; G; J; L,137
2230,PROFESORES DE ENSEÑANZA SECUNDARIA (EXCEPTO MATERIAS ESPECÍFICAS DE FORMACIÓN PROFESIONAL),"Profesores de enseñanza secundaria o formación profesional (materias no específicas)
Profesores de instituto
Profesores de enseñanza secundaria, artes",F; G; J; L,139
CÓD.,DESCRIPCIÓN,OCUPACIONES INCLUIDAS,GPR,PAG
2240,PROFESORES DE ENSEÑANZA PRIMARIA,Maestros de enseñanza primaria,F; G; J; L,141
2251,MAESTROS DE EDUCACIÓN INFANTIL,Maestros de educación infantil,F; G; J; L,143
2252,TÉCNICOS EN EDUCACIÓN INFANTIL,Técnicos en educación infantil,F; G; J; L,145
2311,PROFESORES DE EDUCACIÓN ESPECIAL,"Maestros de niños con dificultades auditivas, enseñanza especial
Maestros de niños con dificultades visuales, enseñanza especial
Profesores de educación especial por dificultades del aprendizaje
Profesores de apoyo al aprendizaje
Profesores de recuperación",F; G; J; L,147
2312,TÉCNICOS EDUCADORES DE EDUCACIÓN ESPECIAL,Técnicos educadores de personas discapacitadas,F; G; J; L,149
2321,ESPECIALISTAS EN MÉTODOS DIDÁCTICOS Y PEDAGÓGICOS,"Pedagogos
Especialistas en elaboración de planes de estudios Especialistas en material didáctico
Inspectores escolares
Coordinadores de planes de estudios",F; G; J; L,151
2322,PROFESORES DE ENSEÑANZA NO REGLADA DE IDIOMAS,"Profesores de idiomas (clases particulares o academias)
Profesores de idiomas para inmigrantes",F; G; J; L,153
2323,PROFESORES DE ENSEÑANZA NO REGLADA DE MÚSICA Y DANZA,"Profesores de guitarra (clases particulares o academias) Profesores de piano (clases particulares o academias) Profesores de canto (clases particulares o academias) Profesores de violín (clases particulares o academias) Profesores de danza (clases particulares o academias)
Profesores de baile (clases particulares o academias)",C; F; G; I; J; L; M,155
2324,PROFESORES DE ENSEÑANZA NO REGLADA DE ARTES,"Profesores de arte dramático (clases particulares o academias)
Profesores de pintura (clases particulares o academias)
Profesores de escultura (clases particulares o academias)",C; E; F; G; J; L; M,157
2325,INSTRUCTORES EN TECNOLOGÍAS DE LA INFORMACIÓN EN ENSEÑANZA NO REGLADA,"Profesores de informática (clases particulares o academias)
Profesores de cursos de formación en tecnologías de la información",F; G; J; L,159
CÓD.,DESCRIPCIÓN,OCUPACIONES INCLUIDAS,GPR,PAG
2326,PROFESIONALES DE LA EDUCACIÓN AMBIENTAL,"Educadores ambientales
Monitores de centros de interpretación de sendas de la naturaleza
Monitores de centros de interpretación en medioambiente urbano o industrial
Monitores de aula de naturaleza permanente u otros equipamientos
Orientadores ambientales
Monitores/guías/intérpretes del patrimonio socionatural
Coordinadores de equipos de educación y formación ambiental
Formadores en educación e interpretación ambiental
Especialistas en infraestructuras o equipamientos de educación ambiental
Directores gerentes de centro de educación ambiental
Asesores de centros y programas de educación ambiental
Informadores y documentalistas de educación ambiental
Diseñadores de materiales de educación ambiental Investigadores en educación ambiental",F; G; J; L,161
2329,PROFESORES Y PROFESIONALES DE LA ENSEÑANZA NO CLASIFICADOS BAJO OTROS EPÍGRAFES,"Profesores de apoyo (clases particulares o academias)
Orientadores escolares",F; G; J; L,163
2411,FÍSICOS Y ASTRÓNOMOS,"Astrónomos Médicos físicos Físicos nucleares
Físicos",F; G; J,165
2412,METEORÓLOGOS,"Meteorólogos Climatólogos
Meteorólogos, predicción del tiempo",F; G; J,167
2413,QUÍMICOS,Químicos,F; G; J,169
2414,GEÓLOGOS Y GEOFÍSICOS,"Geólogos
Oceanógrafos geológicos Oceanógrafos geofísicos Geofísicos",F; G; J,171
2415,MATEMÁTICOS Y ACTUARIOS,"Actuarios Matemáticos
Matemáticos, matemáticas aplicadas",F; G; J,173
2416,ESTADÍSTICOS,"Estadísticos Estadísticos, demografía
Estadísticos, economía",F; G; J,175
2421,"BIÓLOGOS, BOTÁNICOS, ZOÓLOGOS Y AFINES","Bacteriólogos Biotecnólogos Botánicos Genetistas celulares Biólogos marinos Microbiólogos
Biólogos moleculares Genetistas moleculares Farmacólogos
Zoólogos",E; F; G; J,177
CÓD.,DESCRIPCIÓN,OCUPACIONES INCLUIDAS,GPR,PAG
2422,INGENIEROS AGRÓNOMOS,"Agrónomos, horticultura Edafólogos
Ingenieros en agronomía, zootecnia
Ingenieros en agronomía, fitotecnia",F; G; J,179
2423,INGENIEROS DE MONTES,"Ingenieros de montes, explotaciones forestales
Ingenieros de montes, silvipascicultura",F; G; J,181
2424,INGENIEROS TÉCNICOS AGRÍCOLAS,"Ingenieros técnicos en agronomía, hortofruticultura",F; G; J,183
2425,INGENIEROS TÉCNICOS FORESTALES Y DEL MEDIO NATURAL,"Ingenieros técnicos forestales Ingenieros forestales y del medio natural Ingenieros forestales
Ingenieros del medio natural",F; G; J,185
2426,PROFESIONALES DE LA PROTECCIÓN AMBIENTAL,"Analistas de la contaminación atmosférica Ambientólogos
Funcionarios de servicio de conservación Científicos de conservación
Consejeros medioambientales Auditores medioambientales Consultores medioambientales Investigadores medioambientales Científicos medioambientales
Analistas de la calidad del agua",F; G; J,187
2427,ENÓLOGOS,Enólogos,F; G; J; K,189
2431,INGENIEROS INDUSTRIALES Y DE PRODUCCIÓN,"Ingenieros de organización industrial Ingenieros industriales
Ingenieros de instalaciones industriales
Ingenieros de planificación y producción",F; G; J,191
2432,INGENIEROS EN CONSTRUCCIÓN Y OBRA CIVIL,"Ingenieros en construcción y obra civil Ingenieros, construcción/aeropuertos Ingenieros, construcción/carreteras y autopistas Ingenieros, construcción/edificios
Ingenieros, construcción/puentes
Ingenieros agrónomos, construcciones rurales",F; G; J,193
2433,INGENIEROS MECÁNICOS,"Ingenieros mecánicos
Ingenieros en mecánica industrial Ingenieros agrónomos, maquinaria agrícola Ingenieros navales",F; G; J,195
2434,INGENIEROS AERONÁUTICOS,Ingenieros aeronáticos,F; G; J,197
2435,INGENIEROS QUÍMICOS,"Ingenieros químicos
Ingenieros químicos, petróleo y gas natural Ingenieros químicos, caucho y plástico",F; G; J,199
2436,"INGENIEROS DE MINAS, METALÚRGICOS Y AFINES","Ingenieros en metalurgia Ingenieros en minas
Ingenieros, extracción de petróleo y gas natural",F; G; J,201
2437,INGENIEROS AMBIENTALES,"Ingenieros medioambientales Analistas medioambientales
Técnicos especialistas en recuperación ambiental Ingenieros, control de la contaminación atmosférica
Ingenieros, procesamiento de aguas residuales",F; G; J,203
CÓD.,DESCRIPCIÓN,OCUPACIONES INCLUIDAS,GPR,PAG
2439,INGENIEROS NO CLASIFICADOS BAJO OTROS EPÍGRAFES,"Ingenieros biomédicos Ingenieros de explosivos Ingenieros de materiales Ingenieros ópticos
Ingenieros de seguridad",F; G; J,205
2441,INGENIEROS EN ELECTRICIDAD,"Ingenieros en electricidad, iluminación
Ingenieros en electricidad, equipo electromecánico Ingenieros en electricidad, producción de energía",F; G; J,207
2442,INGENIEROS ELECTRÓNICOS,"Ingenieros electrónicos
Ingenieros de diseño de hardware",F; G; J,209
2443,INGENIEROS EN TELECOMUNICACIONES,"Ingenieros de radiodifusión
Ingenieros en telecomunicaciones",F; G; J,211
2451,ARQUITECTOS (EXCEPTO ARQUITECTOS PAISAJISTAS Y URBANISTAS),"Arquitectos
Arquitectos de interior",E; F; G; J,213
2452,ARQUITECTOS PAISAJISTAS,Arquitectos paisajistas,E; F; G; J,215
2453,URBANISTAS E INGENIEROS DE TRÁFICO,"Ingenieros de tráfico
Urbanistas",F; G; J,217
2454,INGENIEROS GEÓGRAFOS Y CARTÓGRAFOS,"Ingenieros geógrafos
Cartógrafos",F; G; J,219
2461,INGENIEROS TÉCNICOS INDUSTRIALES Y DE PRODUCCIÓN,"Ingenieros técnicos de planificación y producción Ingenieros técnicos industriales
Ingenieros técnicos de organización industrial",F; G; J,221
2462,INGENIEROS TÉCNICOS DE OBRAS PÚBLICAS,"Ingenieros técnicos en construcción y obra civil
Ingenieros técnicos de obras públicas",F; G; J,223
2463,INGENIEROS TÉCNICOS MECÁNICOS,"Ingenieros técnicos mecánicos
Ingenieros técnicos navales",F; G; J,225
2464,INGENIEROS TÉCNICOS AERONÁUTICOS,Ingenieros técnicos aeronáuticos,E; F; G; J,227
2465,INGENIEROS TÉCNICOS QUÍMICOS,Ingenieros técnicos en química,E; F; G; J,229
2466,"INGENIEROS TÉCNICOS DE MINAS,
METALÚRGICOS Y AFINES",Ingenieros técnicos en minas,F; G; J,231
2469,INGENIEROS TÉCNICOS NO CLASIFICADOS BAJO OTROS EPÍGRAFES,"Ingenieros técnicos industriales, eficiencia
Ingenieros técnicos, estudio de tiempos y movimientos",F; G; J,233
2471,INGENIEROS TÉCNICOS EN ELECTRICIDAD,Ingenieros técnicos en electricidad,F; G; J,235
2472,INGENIEROS TÉCNICOS EN ELECTRÓNICA,"Ingenieros técnicos en electrónica
Ingenieros técnicos de diseño de hardware",F; G; J,237
2473,INGENIEROS TÉCNICOS EN TELECOMUNICACIONES,Ingenieros técnicos en telecomunicaciones,F; G; J,239
2481,ARQUITECTOS TÉCNICOS Y TÉCNICOS URBANISTAS,"Arquitectos técnicos
Técnicos urbanistas",E; F; G; J,241
2482,DISEÑADORES DE PRODUCTOS Y DE PRENDAS,"Diseñadores de ropa Diseñadores de moda Diseñadores industriales
Diseñadores de joyas",F; G; J,243
2483,INGENIEROS TÉCNICOS EN TOPOGRAFÍA,Ingenieros técnicos en topografía,E; F; G; J,245
CÓD.,DESCRIPCIÓN,OCUPACIONES INCLUIDAS,GPR,PAG
2484,DISEÑADORES GRÁFICOS Y MULTIMEDIA,"Animadores de imágenes Artistas digitales Diseñadores gráficos Ilustradores
Diseñadores multimedia Diseñadores de publicaciones
Diseñadores de páginas web",E; F; G; J,247
2511,ABOGADOS,"Abogados
Abogados del Estado",F; G; J; L,249
2512,FISCALES,Fiscales,F; G; J; L,251
2513,JUECES Y MAGISTRADOS,"Presidentes de tribunales de justicia Jueces
Magistrados",F; G; H; J; L,253
2591,NOTARIOS Y REGISTRADORES,"Notarios
Registradores de la propiedad",F; G; J; L,255
2592,PROCURADORES,"Procuradores, justicia",F; G; J; L,257
2599,PROFESIONALES DEL DERECHO NO CLASIFICADOS BAJO OTROS EPÍGRAFES,"Secretarios judiciales
Asesores jurídicos",F; G; J; L,259
2611,ESPECIALISTAS EN CONTABILIDAD,"Auditores
Especialistas en contabilidad Interventores
Asesores contables",F; G; J,261
2612,ASESORES FINANCIEROS Y EN INVERSIONES,"Planificadores de patrimonios inmobiliarios Planificadores financieros
Asesores en inversiones",F; G; J,263
2613,ANALISTAS FINANCIEROS,"Analistas expertos en obligaciones
Asesores de inversiones en títulos valores Analistas de inversiones",F; G; J,265
2621,ANALISTAS DE GESTIÓN Y ORGANIZACIÓN,"Analistas de organización y métodos Consultores de gestión
Técnicos en organización y administración de empresas,
analistas de organización y métodos",F; G; J,267
2622,ESPECIALISTAS EN ADMINISTRACIÓN DE POLÍTICA DE EMPRESAS,"Asesores de empresas
Técnicos superiores en organización y administración de empresas
Técnicos medios en organización y administración de empresas
Agentes de la propiedad industrial",F; G; J,269
2623,ESPECIALISTAS DE LA ADMINISTRACIÓN PÚBLICA,"Administradores civiles del Estado Controladores laborales
Funcionarios del Cuerpo Especial de Instituciones
Penitenciarias
Funcionarios del Cuerpo de Gestión de la Administración Civil del Estado
Funcionarios del Grupo A o B o asimilados de la Administración Autonómica (n.c.o.p.)
Funcionarios del Grupo A o B o asimilados de la Administración Local (n.c.o.p.)
Inspectores de Finanzas del Estado Inspectores de Trabajo y Seguridad Social Secretarios de Ayuntamiento Subinspectores de Finanzas del Estado
Subinspectores de Trabajo",F; G; J,271
CÓD.,DESCRIPCIÓN,OCUPACIONES INCLUIDAS,GPR,PAG
2624,ESPECIALISTAS EN POLÍTICAS Y SERVICIOS DE PERSONAL Y AFINES,"Técnicos superiores en administración de personal Técnicos superiores en recursos humanos Orientadores profesionales
Analistas del mercado laboral",F; G; J; L,273
2625,ESPECIALISTAS EN FORMACIÓN DE PERSONAL,Profesionales de la formación de personal en destrezas propias del puesto de trabajo,F; G; J; L,275
2630,TÉCNICOS DE EMPRESAS Y ACTIVIDADES TURÍSTICAS,"Técnicos en empresas turísticas
Técnicos de información turística",F; G; J; L,277
2640,PROFESIONALES DE VENTAS TÉCNICAS Y MÉDICAS (EXCEPTO LAS TIC),"Representantes (productos industriales) Visitadores médicos
Agentes comerciales de ventas que precisan
conocimientos técnicos
Representantes técnicos",F; G; H; J; L,279
2651,PROFESIONALES DE LA PUBLICIDAD Y LA COMERCIALIZACIÓN,"Especialistas en publicidad Especialistas en estudios de mercado
Especialistas en comercialización",F; G; J,281
2652,PROFESIONALES DE RELACIONES PÚBLICAS,"Profesionales en relaciones públicas
Profesionales en gabinete de prensa Agentes publicistas, comunicación",F; G; J; L,283
2653,PROFESIONALES DE LA VENTA DE TECNOLOGÍAS DE LA INFORMACIÓN Y LAS COMUNICACIONES,"Vendedores técnicos de equipos y material de informática
Asesores comerciales de telecomunicaciones",F; G; H; J; L,285
2711,ANALISTAS DE SISTEMAS,"Ingenieros informáticos de sistemas Analistas de sistemas
Consultores de sistemas",F; G; J,287
2712,ANALISTAS Y DISEÑADORES DE SOFTWARE,"Analistas programadores
Analistas de aplicaciones Ingenieros de aplicaciones",F; G; J,289
2713,"ANALISTAS, PROGRAMADORES Y DISEÑADORES WEB Y MULTIMEDIA","Desarrolladores de Internet/intranets/sitios Web Programadores de animación multimedia
Programadores de juegos de ordenador",F; G; J,291
2719,ANALISTAS Y DISEÑADORES DE SOFTWARE Y MULTIMEDIA NO CLASIFICADOS BAJO OTROS EPÍGRAFES,"Analistas de calidad de sistemas informáticos
Auditores asesores informáticos",F; G; J,293
2721,DISEÑADORES Y ADMINISTRADORES DE BASES DE DATOS,"Diseñadores de bases de datos Administradores de bases de datos
Analistas de bases de datos",F; G; J,295
2722,ADMINISTRADORES DE SISTEMAS Y REDES,"Administradores de sistemas informáticos
Administradores de redes",F; G; J,297
2723,ANALISTAS DE REDES INFORMÁTICAS,"Analistas de comunicaciones informáticas
Ingenieros informáticos en redes",F; G; J,299
2729,ESPECIALISTAS EN BASES DE DATOS Y EN REDES INFORMÁTICAS NO CLASIFICADOS BAJO OTROS EPÍGRAFES,"Especialistas en seguridad de las TIC Forenses en TIC
Explotadores de bases de datos
Ingenieros informáticos (seguridad en la red)",F; G; J,301
2810,ECONOMISTAS,"Econometristas Asesores económicos Analistas económicos
Economistas",F; G; J,303
CÓD.,DESCRIPCIÓN,OCUPACIONES INCLUIDAS,GPR,PAG
2821,"SOCIÓLOGOS, GEÓGRAFOS, ANTROPÓLOGOS, ARQUEÓLOGOS Y AFINES","Antropólogos Arqueólogos Etnólogos Geógrafos Sociólogos
Criminólogos",F; G; J,305
2822,"FILÓSOFOS, HISTORIADORES Y PROFESIONALES EN CIENCIAS POLÍTICAS","Genealogistas Historiadores Filósofos
Politólogos",F; G; J,307
2823,PSICÓLOGOS,"Psicólogos escolares Psicólogos de empresa Psicoterapeutas
Psicólogos deportivos",F; G; J; L,309
2824,PROFESIONALES DEL TRABAJO Y LA EDUCACIÓN SOCIAL,"Trabajadores sociales Asistentes sociales Educadores sociales Educadores de familia Orientadores sociolaborales
Agentes de desarrollo local",F; G; J; L,311
2825,AGENTES DE IGUALDAD DE OPORTUNIDADES ENTRE MUJERES Y HOMBRES,Agentes de igualdad de oportunidades para mujeres y hombres,F; G; J; L,313
2830,SACERDOTES DE LAS DISTINTAS RELIGIONES,"Bonzos Imanes Sacerdotes
Rabinos",F; G; J; L,315
2911,ARCHIVISTAS Y CONSERVADORES DE MUSEOS,"Archivistas
Conservadores de galería de arte Conservadores de museo",F; G; J,317
2912,"BIBLIOTECARIOS, DOCUMENTALISTAS Y AFINES","Bibliógrafos Documentalistas
Bibliotecarios",F; G; J,319
2921,ESCRITORES,"Escritores
Coordinadores de editorial Ensayistas
Novelistas Dramaturgos Poetas Guionistas
Redactores de discursos
Redactores técnicos",F; G; J,321
2922,PERIODISTAS,"Periodistas
Redactores-jefes de prensa Redactores deportivos Reporteros de radio/TV Críticos",F; G; H; J,323
CÓD.,DESCRIPCIÓN,OCUPACIONES INCLUIDAS,GPR,PAG
2923,"FILÓLOGOS, INTÉRPRETES Y TRADUCTORES","Intérpretes Lexicógrafos Filólogos
Intérpretes del lenguaje de signos Subtituladores
Traductores
Traductores-revisores",F; G; J; L,325
2931,ARTISTAS DE ARTES PLÁSTICAS Y VISUALES,"Dibujantes de comics Dibujantes publicitarios Restauradores de cuadros Retratistas
Escultores",F; G; J,327
2932,"COMPOSITORES, MÚSICOS Y CANTANTES","Directores de banda Compositores Instrumentistas Directores musicales
Músicos de salas de fiesta Orquestadores
Cantantes
Músicos callejeros",E; F; G; I; J; L; M,329
2933,COREÓGRAFOS Y BAILARINES,"Coreógrafos Bailarines de ballet
Bailarines de espectáculos
Bailarines callejeros",A; B; C; D; F; G; H; J; M,331
2934,"DIRECTORES DE CINE, DE TEATRO Y AFINES","Directores de documentales Directores de cine Directores de fotografía Directores de escena Directores técnicos Realizadores de radio o TV
Productores de cine, radio y televisión",F; G; J,333
2935,ACTORES,"Actores Mimos
Cuentacuentos",F; G; H; J; L; M,335
2936,"LOCUTORES DE RADIO, TELEVISIÓN Y OTROS PRESENTADORES","Locutores de radio Locutores de televisión Presentadores de noticias Locutores deportivos Presentadores del tiempo
Informadores del estado del tráfico",F; G; H; J; L,337
2937,PROFESIONALES DE ESPECTÁCULOS TAURINOS,"Toreros Banderilleros Rejoneadores
Novilleros",A; B; C; D; E; G; H; J; M,339
CÓD.,DESCRIPCIÓN,OCUPACIONES INCLUIDAS,GPR,PAG
2939,ARTISTAS CREATIVOS E INTERPRETATIVOS NO CLASIFICADOS BAJO OTROS EPÍGRAFES,"Acróbatas Equilibristas Payasos Hipnotizadores Prestidigitadores Titiriteros Cómicos Ventrílocuos
Domadores",F; G; H; J; M,341
3110,DELINEANTES Y DIBUJANTES TÉCNICOS,"Delineantes y dibujantes técnicos
Ilustradores técnicos",E; G; J; M,344
3121,TÉCNICOS EN CIENCIAS FÍSICAS Y QUÍMICAS,"Técnicos químicos Técnicos geólogos Técnicos meteorólogos
Técnicos físicos",E; G; J,346
3122,TÉCNICOS EN CONSTRUCCIÓN,"Técnicos en construcción
Técnicos de seguridad en la construcción Técnicos de obras públicas
Técnicos en geotecnia (construcción) Técnicos en topografía
Técnicos de prevención de incendios en la construcción Técnicos de montaje de instalaciones en la construcción
Técnicos en instalaciones de sistemas antiincendios",E; G; J,348
3123,TÉCNICOS EN ELECTRICIDAD,"Técnicos en electricidad
Técnicos en transmisión de energía eléctrica",E; G; J; M,350
3124,TÉCNICOS EN ELECTRÓNICA (EXCEPTO ELECTROMEDICINA),Técnicos en electrónica,E; G; H; J,352
3125,"TÉCNICOS EN ELECTRÓNICA, ESPECIALIDAD EN ELECTROMEDICINA","Técnicos en electromedicina
Jefes de equipo de instaladores de sistemas de electromedicina
Coordinadores y supervisores de mantenimiento de sistemas de electromedicina
Especialistas en aplicaciones electromédicas Especialistas en producto de sistemas de electromedicina
Asesores técnicos de sistemas de electromedicina",E; G; H; J,354
3126,TÉCNICOS EN MECÁNICA,"Técnicos aeronáutico Técnicos en ingeniería naval
Técnicos en ingeniería mecánica",E; G; J; M,356
3127,TÉCNICOS Y ANALISTAS DE LABORATORIO EN QUÍMICA INDUSTRIAL,"Técnicos en química industrial
Técnicos en ingeniería química",E; G; J,358
3128,TÉCNICOS EN METALURGIA Y MINAS,"Técnicos en ingeniería de minas
Técnicos en metalurgia/producción y refinado de metales Técnicos en metalurgia/fundición
Técnicos en extracción/petróleo y gas natural",E; G; J,360
3129,"OTROS TÉCNICOS DE LAS CIENCIAS FÍSICAS, QUÍMICAS, MEDIOAMBIENTALES Y DE LAS INGENIERÍAS","Técnicos en planificación y control de la producción Técnicos en organización industrial
Técnicos en estudios de tiempos y movimientos Técnicos en estimación de tiempos y costes Técnicos en robótica
Técnicos en investigación de incendios",E; G; J,362
CÓD.,DESCRIPCIÓN,OCUPACIONES INCLUIDAS,GPR,PAG
3131,TÉCNICOS EN INSTALACIONES DE PRODUCCIÓN DE ENERGÍA,"Operadores de central eléctrica Operadores de central hidroeléctrica Operadores de central nuclear Operadores de central solar
Operadores de central de generación de energía
Operadores de sistemas de energía",E; G; H; J; M,364
3132,"TÉCNICOS EN INSTALACIONES DE TRATAMIENTO DE RESIDUOS, DE AGUAS Y OTROS OPERADORES EN PLANTAS SIMILARES","Operadores de incineradora Operadores de estación de bombeo
Operadores de tratamiento de residuos líquidos
Operadores de instalación de tratamiento de aguas residuales
Operadores de tratamiento de aguas residuales
Operadores de instalación de tratamiento de aguas",G; J; M,366
3133,TÉCNICOS EN CONTROL DE INSTALACIONES DE PROCESAMIENTO DE PRODUCTOS QUÍMICOS,"Operadores de instalaciones de tratamiento químico térmico
Operadores de equipos de filtración y separación de sustancias químicas
Operadores de equipos de destilación y de reacción química
Técnicos en procesos químicos",G; J; M,368
3134,TÉCNICOS DE REFINERÍAS DE PETRÓLEO Y GAS NATURAL,"Operadores de amasadoras para la refinación de petróleo y gas natural
Operadores de instalaciones de parafina
Operadores de máquinas de destilación para refinación de petróleo y gas natural
Técnicos en procesos de refinación
Operadores de procesamiento del petróleo Operadores de instalaciones de gas natural",C; G; J; M,370
3135,TÉCNICOS EN CONTROL DE PROCESOS DE PRODUCCIÓN DE METALES,"Operadores de control de tren de laminación
Fundidores de alto horno",G; H; J; M,372
3139,TÉCNICOS EN CONTROL DE PROCESOS NO CLASIFICADOS BAJO OTROS EPÍGRAFES,"Operadores de cadena de montaje automatizada Controladores de robótica industrial
Técnicos de control de proceso n.c.o.p.",G; J; M,374
3141,TÉCNICOS EN CIENCIAS BIOLÓGICAS (EXCEPTO EN ÁREAS SANITARIAS),"Técnicos en bacteriología Técnicos en bioquímica Técnicos en serología Técnicos en cultivos de tejidos
Técnicos en zoología",G; J,376
3142,TÉCNICOS AGROPECUARIOS,"Capataces agrícolas
Trabajadores cualificado oleicultura Trabajadores cualificado en horticultura Trabajadores cualificados en aves de corral
Técnicos en salud y producción de las vacas lecheras
Técnicos en la industria láctea",C; E; G; J,378
3143,TÉCNICOS FORESTALES Y DEL MEDIO NATURAL,"Técnicos forestales
Técnicos en silvicultura",C; D; G; J; M,380
3151,JEFES Y OFICIALES DE MÁQUINAS,Oficiales maquinistas de barcos,E; G; I; J; L; M,382
3152,CAPITANES Y OFICIALES DE PUENTE,"Capitanes de barcos Oficiales de barco
Patrones de yate",E; F; G; I; J; L; M,384
3153,PILOTOS DE AVIACIÓN Y PROFESIONALES AFINES,"Pilotos de aeronaves Oficiales mecánicos de vuelo Instructores de vuelo
Oficiales navegantes de vuelo",E; F; G; H; I; J; L; M,386
CÓD.,DESCRIPCIÓN,OCUPACIONES INCLUIDAS,GPR,PAG
3154,CONTROLADORES DE TRÁFICO AÉREO,Controladores de tráfico aéreo,E; F; G; H; I; J; L; M,388
3155,TÉCNICOS EN SEGURIDAD AERONÁUTICA,Técnicos en seguridad aeronáutica,E; G; H; J; L; M,390
3160,"TÉCNICOS DE CONTROL DE CALIDAD DE LAS CIENCIAS FÍSICAS, QUÍMICAS Y DE LAS INGENIERÍAS","Técnicos, control de calidad en industrias manufactureras
Técnicos, normas ISO
Técnicos, inspección técnica de vehículos",G; J,392
3201,SUPERVISORES EN INGENIERÍA DE MINAS,"Encargados o capataces de minas, canteras o salinas
Jefes de equipo de mineros",G; J; L,394
3202,SUPERVISORES DE LA CONSTRUCCIÓN,"Encargados, construcción de edificios Supervisores de la construcción
Jefes de equipo de trabajadores de acabado",D; F; H; J; L,396
3203,SUPERVISORES DE INDUSTRIAS ALIMENTICIAS Y DEL TABACO,"Supervisores de producción de industrias alimenticias
Jefes de equipo de operadores máquina/elaboración (productos alimenticios, bebidas y tabaco)",F; G; J; L,398
3204,SUPERVISORES DE INDUSTRIAS QUÍMICA Y FARMACÉUTICA,"Encargados de operadores de máquinas, fabricación/productos químicos
Encargados de instalaciones, tratamiento químico",F; G; J; L,400
3205,"SUPERVISORES DE INDUSTRIAS DE TRANSFORMACIÓN DE PLÁSTICOS, CAUCHO Y RESINAS NATURALES","Jefes de equipo de operadores de máquinas de fabricación de productos de caucho
Jefes de equipo de operadores de máquinas de fabricación de productos de material plástico
Jefes de equipo de operadores de máquinas de fabricación de productos de resinas naturales",F; G; J; L,402
3206,SUPERVISORES DE INDUSTRIAS DE LA MADERA Y PASTERO PAPELERAS,"Encargados de taller, madera/tratamiento en instalaciones
Jefes de equipo, fabricación de papel",F; G; J; L,404
3207,SUPERVISORES DE LA PRODUCCIÓN EN INDUSTRIAS DE ARTES GRÁFICAS Y EN LA FABRICACIÓN DE PRODUCTOS DE PAPEL,"Encargados de taller, impresión/artes gráficas Encargados de taller, encuadernación
Encargados de taller, fabricación/productos de papel",F; G; J; L,406
3209,SUPERVISORES DE OTRAS INDUSTRIAS MANUFACTURERAS,Supervisores de otras industrias manufactureras,F; G; J; L,408
3311,TÉCNICOS EN RADIOTERAPIA,"Técnicos superiores en radioterapia
Técnicos especialistas en radioterapia",E; F; G; J,410
3312,TÉCNICOS EN IMAGEN PARA EL DIAGNÓSTICO,"Técnicos superiores en imagen para el diagnóstico Técnicos especialistas en radiología
Técnicos especialistas en medicina nuclear
Técnicos operadores de equipos médicos de escáner Técnicos en equipos de encefalografía
Técnicos en equipos de electrocardiografía",E; G; J,412
3313,TÉCNICOS EN ANATOMÍA PATOLÓGICA Y CITOLOGÍA,"Técnicos superiores en anatomía patológica y citología
Técnicos especialistas en anatomía patológica y citología",E; G; J,414
3314,TÉCNICOS EN LABORATORIO DE DIAGNÓSTICO CLÍNICO,"Analistas clínicos
Técnicos de laboratorio sanitario
Técnicos en laboratorio de diagnóstico clínico",E; G; J,416
3315,TÉCNICOS EN ORTOPRÓTESIS,Técnicos ortoprotésicos,E; G; J; M,418
3316,TÉCNICOS EN PRÓTESIS DENTALES,"Mecánicos de prótesis dentales
Mecánicos dentistas",E; F; G; J; M,420
3317,TÉCNICOS EN AUDIOPRÓTESIS,"Técnicos superiores en audioprótesis
Técnicos especialistas audioprotesistas",E; F; G; I; J; L,422
CÓD.,DESCRIPCIÓN,OCUPACIONES INCLUIDAS,GPR,PAG
3321,TÉCNICOS SUPERIORES EN HIGIENE BUCODENTAL,Técnicos superiores en higiene bucodental,E; F; G; J; M,424
3322,TÉCNICOS SUPERIORES EN DOCUMENTACIÓN SANITARIA,Técnicos superiores en documentación sanitaria,G; J,426
3323,TÉCNICOS SUPERIORES EN DIETÉTICA,Técnicos superiores en dietética y nutrición,G; J,428
3324,TÉCNICOS EN OPTOMETRÍA,Técnicos en optometría,E; F; G; J,430
3325,AYUDANTES FISIOTERAPEUTAS,"Electroterapeutas Hidroterapeutas Masajistas terapéuticos Masajistas deportivos
Terapeutas de shiatsu",A; B; C; F; G; M,432
3326,TÉCNICOS EN PREVENCIÓN DE RIESGOS LABORALES Y SALUD AMBIENTAL,"Técnicos en prevención de riesgos laborales Técnicos en salud ambiental
Técnicos de seguridad e higiene en el trabajo",G; J,434
3327,AYUDANTES DE VETERINARIA,"Ayudantes de veterinarios
Técnicos en inseminación artificial",J; M,436
3329,TÉCNICOS DE LA SANIDAD NO CLASIFICADOS BAJO OTROS EPÍGRAFES,"Quiroprácticos
Osteópatas",C; F; G; L; M,438
3331,"PROFESIONALES DE LA ACUPUNTURA, LA NATUROPATÍA, LA HOMEOPATÍA, LA MEDICINA TRADICIONAL CHINA Y LA AYURVEDA","Acupuntores Practicantes ayurveda
Practicantes de la medicina tradicional china Homeópatas
Naturópatas",E; F; G; J; L; M,440
3339,OTROS PROFESIONALES DE LAS TERAPIAS ALTERNATIVAS,"Fitoterapeutas Curanderos Ensalmadores
Brujos",F; G; L; M,442
3401,"PROFESIONALES DE APOYO E INTERMEDIARIOS DE CAMBIO, BOLSA Y FINANZAS","Agentes de cambio y bolsa
Corredores de valores",F; G; H; J; L,444
3402,COMERCIALES DE PRÉSTAMOS Y CRÉDITOS,Responsables de créditos hipotecarios,F; G; J; L,446
3403,TENEDORES DE LIBROS,"Tenedores de libros
Ayudantes de contabilidad",G; J,448
3404,"PROFESIONALES DE APOYO EN SERVICIOS ESTADÍSTICOS, MATEMÁTICOS Y AFINES","Técnicos en estadística, profesionales de apoyo Inspectores de entrevistadores, censos y encuestas
Auxiliares actuariales",G; J; L,450
3405,TASADORES,"Peritos tasadores Tasadores de inmuebles Tasadores de siniestros Tasadores de seguros Evaluadores de siniestros
Peritos judiciales",F; G; J; L,452
3510,AGENTES Y REPRESENTANTES COMERCIALES,"Representantes comerciales Agentes comerciales Viajantes, comercio
Comerciales, ventas",F; G; J; L,454
3521,MEDIADORES Y AGENTES DE SEGUROS,"Agentes de seguros Aseguradores Comerciales de seguros Corredores de seguros
Mediadores de seguros",F; G; J; L,456
CÓD.,DESCRIPCIÓN,OCUPACIONES INCLUIDAS,GPR,PAG
3522,AGENTES DE COMPRAS,"Jefes de compras Agentes de compras
Técnicos en comercio exterior
Técnicos en gestión de existencias y/o almacén",F; G; J; L,458
3523,CONSIGNATARIOS,"Consignatarios
Anotadores portuario",F; J; L,460
3531,REPRESENTANTES DE ADUANAS,"Representantes de aduana Comisionistas de aduanas
Agentes marítimos",F; J; L,462
3532,ORGANIZADORES DE CONFERENCIAS Y EVENTOS,"Organizadores de conferencias y eventos
Planificadores de conferencias Planificadores de bodas",F; G; H; J; L,464
3533,AGENTES O INTERMEDIARIOS EN LA CONTRATACIÓN DE LA MANO DE OBRA (EXCEPTO REPRESENTANTES DE ESPECTÁCULOS),"Agentes de oficinas de colocación
Intermediarios en la contratación de mano de obra",F; I; J; L,466
3534,AGENTES Y ADMINISTRADORES DE LA PROPIEDAD INMOBILIARIA,"Agentes de la propiedad inmobiliaria Gestores inmobiliarios
Corredores de fincas
Vendedores de inmuebles",F; I; J; L,468
3535,"PORTAVOCES Y AGENTES DE RELACIONES
PÚBLICAS",Técnicos en relaciones públicas,F; I; J; L,470
3539,REPRESENTANTES ARTÍSTICOS Y DEPORTIVOS Y OTROS AGENTES DE SERVICIOS COMERCIALES NO CLASIFICADOS BAJO OTROS EPÍGRAFES,"Agentes literarios Representantes musicales Agentes deportivos Agentes teatrales Subastadores
Vendedores de servicios comerciales/publicidad",F; I; J; L,472
3611,SUPERVISORES DE SECRETARÍA,"Supervisores del personal de oficina
Supervisores del personal de grabación de datos",G; I; J; L,474
3612,ASISTENTES JURÍDICO-LEGALES,Asistentes jurídico-legales,F; G; I; J; L,476
3613,ASISTENTES DE DIRECCIÓN Y ADMINISTRATIVOS,"Secretarios administrativos Asistentes de dirección Asistentes de correspondencia Asistentes personales
Redactores de actas",F; G; I; J; L,478
3614,SECRETARIOS DE CENTROS MÉDICOS O CLÍNICAS,Secretarios médicos,F; I; J; L,480
3621,PROFESIONALES DE APOYO DE LA ADMINISTRACIÓN PÚBLICA DE TRIBUTOS,Agentes tributarios,F; G; I; J; L,482
3622,PROFESIONALES DE APOYO DE LA ADMINISTRACIÓN PÚBLICA DE SERVICIOS SOCIALES,"Profesionales de apoyo, pensiones/Administraciones Públicas
Profesionales de apoyo, prestaciones sociales/Administraciones Públicas",F; G; I; J; L,484
3623,PROFESIONALES DE APOYO DE LA ADMINISTRACIÓN PÚBLICA DE SERVICIOS DE EXPEDICIÓN DE LICENCIAS,"Profesionales de apoyo, expedición de licencias y permisos, Administraciones Públicas
Profesionales de apoyo, expedición de pasaportes, Administraciones Públicas",F; G; I; J; L,486
3629,OTROS PROFESIONALES DE APOYO DE LA ADMINISTRACIÓN PÚBLICA PARA TAREAS DE INSPECCIÓN Y CONTROL Y TAREAS SIMILARES,Inspectores de precios,F; G; J; L,488
3631,"TÉCNICOS DE LA POLICÍA NACIONAL, AUTONÓMICA Y LOCAL","Inspectores de policía Subinspectores de policía
Técnicos especialistas, policía",F; G; H; I; J; L,490
CÓD.,DESCRIPCIÓN,OCUPACIONES INCLUIDAS,GPR,PAG
3632,SUBOFICIALES DE LA GUARDIA CIVIL,Suboficiales de la guardia civil,F; G; H; I; J; L,492
3711,PROFESIONALES DE APOYO DE SERVICIOS JURÍDICOS Y SERVICIOS SIMILARES,"Oficiales, notaría Auxiliares de justicia Oficiales, justicia Pasantes, abogado
Jueces de paz",F; G; I; J; L,494
3712,DETECTIVES PRIVADOS,Detectives privados,F; G; H; I; J; L,496
3713,PROFESIONALES DE APOYO AL TRABAJO Y A LA EDUCACIÓN SOCIAL,"Integradores sociales
Técnicos de apoyo al desarrollo local Trabajadores desarrollo comunitario Trabajadores de apoyo a los servicios sociales Trabajadores de servicios a menores",F; G; I; J; L,498
3714,PROMOTORES DE IGUALDAD DE OPORTUNIDADES ENTRE MUJERES Y HOMBRES,Promotores de igualdad de oportunidades entre mujeres y hombres,F; G; I; J; L,500
3715,ANIMADORES COMUNITARIOS,"Monitores socioculturales, integración
Animadores comunitarios Animadores geriátricos",F; I; L,502
3716,AUXILIARES LAICOS DE LAS RELIGIONES,"Predicadores, seglar
Misioneros, seglar",F; I; J; L,504
3721,ATLETAS Y DEPORTISTAS,"Atletas Boxeadores Ajedrecistas Futbolistas Golfistas Esquiadores
Tenistas",A; B; C; D; G; H; J; M,506
3722,ENTRENADORES Y ÁRBITROS DE ACTIVIDADES DEPORTIVAS,"Entrenadores deportivos Árbitros
Entrenadores de esquí
Entrenadores de natación",A; B; C; D; F; G; H; I; J; L,508
3723,INSTRUCTORES DE ACTIVIDADES DEPORTIVAS,"Instructores de aeróbic Instructores de educación física Instructores de equitación Instructores de vela Instructores de esquí Instructores de natación
Entrenadores personal, gimnasios
Instructores de buceo",A; B; C; D; F; G; H; I; J; L; M,510
3724,MONITORES DE ACTIVIDADES RECREATIVAS Y DE ENTRETENIMIENTO,"Animadores socioculturales, entretenimiento Animadores turísticos
Monitores de tiempo libre
Guías de actividades de aventura",A; D; F; G; I; L,512
3731,FOTÓGRAFOS,"Fotógrafos aéreos Fotógrafos publicitarios Fotógrafos industriales Fotógrafos gráficos Fotógrafos retratistas
Fotógrafos científicos",F; G; J,514
3732,DISEÑADORES Y DECORADORES DE INTERIOR,"Decoradores de escaparates Decoradores de interiores Escenógrafos Escaparatistas
Expertos en ordenación de los puntos de venta",E; F; G; J; M,516
CÓD.,DESCRIPCIÓN,OCUPACIONES INCLUIDAS,GPR,PAG
3733,"TÉCNICOS EN GALERÍAS DE ARTE, MUSEOS Y BIBLIOTECAS","Técnicos en galerías de arte Técnicos en bibliotecas Técnicos en museos
Taxidermistas",G; J,518
3734,CHEFS,"Chefs
Chefs ejecutivos Jefes de cocina Chefs pasteleros Chefs salseros Segundos de cocina",F; G; H; J; K; M,520
3739,OTROS TÉCNICOS Y PROFESIONALES DE APOYO DE ACTIVIDADES CULTURALES Y ARTÍSTICAS,"Artistas de arte corporal
Asistentes de dirección (radiodifusión) Técnicos en iluminación
Coordinadores de programas (radiodifusión) Apuntadores
Atrecistas (radiodifusión) Continuistas
Técnicos en efectos especiales Regidores
Tramoyistas
Coordinadores de especialistas Especialistas
Tatuadores Técnicos de teatro
Encargados de vestuario
Figurantes",G; I; J; L; M,522
3811,TÉCNICOS EN OPERACIONES DE SISTEMAS INFORMÁTICOS,"Operadores de equipos informáticos Operadores de periféricos
Controladores de ejecución de programas informáticos",E; G; J,524
3812,TÉCNICOS EN ASISTENCIA AL USUARIO DE TECNOLOGÍAS DE LA INFORMACIÓN,"Operadores de asistencia técnica Técnicos de soporte informático Técnicos consultores en ofimática
Técnicos instaladores de sistemas informáticos",E; F; G; J; L,526
3813,TÉCNICOS EN REDES,"Técnicos en redes informáticas
Operadores de red",E; F; G; J,528
3814,TÉCNICOS DE LA WEB,"Administradores de sitios Web
Webmasters",E; G; J,530
3820,PROGRAMADORES INFORMÁTICOS,"Programadores de aplicaciones Programadores informáticos
Programadores de software",E; G; J,532
3831,TÉCNICOS DE GRABACIÓN AUDIOVISUAL,"Operadores de cámara
Técnicos de grabación de sonido Montadores de video
Técnicos en audiovisuales",E; G; I; J,534
3832,TÉCNICOS DE RADIODIFUSIÓN,"Operadores de equipos de radiodifusión
Técnicos en radiodifusión",E; G; I; J; L,536
3833,TÉCNICOS DE INGENIERÍA DE LAS TELECOMUNICACIONES,Técnicos de telecomunicaciones,E; G; H; J,538
4111,EMPLEADOS DE CONTABILIDAD,"Administrativos contables
Empleados del cálculo de costes",G; J,541
4112,EMPLEADOS DE CONTROL DE PERSONAL Y NÓMINAS,Empleados administrativos de salarios y nóminas,G; J,543
CÓD.,DESCRIPCIÓN,OCUPACIONES INCLUIDAS,GPR,PAG
4113,"EMPLEADOS DE OFICINA DE SERVICIOS ESTADÍSTICOS, FINANCIEROS Y BANCARIOS","Empleados administrativos de estadística Empleados administrativos de entidades financieras Empleados de gestión financiera de empresas
Empleados administrativos de seguros",G; J,545
4121,EMPLEADOS DE CONTROL DE ABASTECIMIENTOS E INVENTARIO,"Almaceneros de empresas de transportes Almaceneros de industrias
Empleados de pedidos en almacén Empleados controladores de peso/báscula
Empleados administrativos de almacenamiento y
recepción",J,547
4122,EMPLEADOS DE OFICINA DE SERVICIOS DE APOYO A LA PRODUCCIÓN,"Empleados de oficina de servicios de apoyo a la producción
Empleados de planificación de materiales",G; J,549
4123,EMPLEADOS DE LOGÍSTICA Y TRANSPORTE DE PASAJEROS Y MERCANCÍAS,"Empleados administrativos de los servicios de transporte
Agentes de logística de transportes Transitarios
Factores de empresa de transporte Agentes de tren
Señalistas de aviones",G; J,551
4210,EMPLEADOS DE BIBLIOTECAS Y ARCHIVOS,"Empleados administrativos de biblioteca Empleados administrativos de archivo Auxiliares de biblioteca
Auxiliares de archivo",J,553
4221,EMPLEADOS DE SERVICIOS DE CORREOS (EXCEPTO EMPLEADOS DE MOSTRADOR),"Carteros Mensajeros
Clasificadores-repartidores de correspondencia
Mensajeros de correspondencia motorizado",C; F; H; J,555
4222,CODIFICADORES Y CORRECTORES DE IMPRENTA,"Codificadores de datos
Correctores de pruebas de imprenta",J,557
4223,EMPLEADOS DE SERVICIO DE PERSONAL,Empleados administrativos de servicios de personal,J,559
4301,GRABADORES DE DATOS,"Grabadores de datos en ordenador Operadores de entrada de datos Esteneotipistas
Taquígrafos",J,561
4309,EMPLEADOS ADMINISTRATIVOS SIN TAREAS DE ATENCIÓN AL PÚBLICO NO CLASIFICADOS BAJO OTROS EPÍGRAFES,"Empleados administrativos en general sin tareas de atención al público
Empleados de inserción de anuncios clasificados
Empleados de publicaciones (no especializados)",J,563
4411,EMPLEADOS DE INFORMACIÓN AL USUARIO,"Informadores en oficina de turismo
Empleados en puntos de información",F; G; H; I; J; L,565
4412,RECEPCIONISTAS (EXCEPTO DE HOTELES),"Recepcionistas de oficina Telefonistas-recepcionistas de oficina
Recepcionistas de consultorios médicos Azafatos de información
Empleados de información de busques de pasaje
Locutores de información en estaciones de tren",F; G; H; I; L,567
4421,EMPLEADOS DE AGENCIAS DE VIAJES,"Técnicos de ventas en agencias de viajes Técnicos de productos en agencias de viajes Empleados de agencias de viajes
Empleados de viajes de compañía aérea",F; G; H; I; J; L,569
CÓD.,DESCRIPCIÓN,OCUPACIONES INCLUIDAS,GPR,PAG
4422,RECEPCIONISTAS DE HOTELES,"Recepcionistas de hotel
Conserjes-recepcionistas de hotel",F; G; H; I; L,571
4423,TELEFONISTAS,"Telefonistas
Operadores de centralita telefónica",F; H; I; L,573
4424,TELEOPERADORES,"Teleoperadores (no especializados) Operadores de central de alarmas Operadores de central de averías Teleoperadores-informadores del 010
Empleados de centro de información (telefónica) de
atención al cliente",F; H; I; J; L,575
4430,AGENTES DE ENCUESTAS,"Entrevistadores-encuestadores Agentes censales
Agentes de encuestas por teléfono",F; G; I; J; L,577
4441,CAJEROS DE BANCOS Y AFINES,"Cajeros de banca
Empleados de oficina de cambio",F; G; H; I; J; L,579
4442,EMPLEADOS DE VENTA DE APUESTAS,"Vendedores en administraciones de lotería Vendedores de lotería en kioscos
Vendedores ambulantes de lotería",F; G; I; J; L,581
4443,EMPLEADOS DE SALA DE JUEGOS Y AFINES,"Crupieres
Jefes de sala de bingo
Empleados en salas de juegos recreativos Cajeros de casino",F; G; H; I; J; L,583
4444,EMPLEADOS DE CASAS DE EMPEÑO Y DE PRÉSTAMOS,Empleados de casas de empeños,F; G; I; J; L,585
4445,"COBRADORES DE FACTURAS, DEUDAS Y EMPLEADOS AFINES","Cobradores de recibos
Cobradores de donativos Cobradores de deudas a morosos",F; G; I; J; L,587
4446,EMPLEADOS DE MOSTRADOR DE CORREOS,Empleados de mostrador de correos,F; G; H; I; J; L,589
4500,EMPLEADOS ADMINISTRATIVOS CON TAREAS DE ATENCIÓN AL PÚBLICO NO CLASIFICADOS BAJO OTROS EPÍGRAFES,Empleados administrativos en general con tareas de atención al público,F; H; I; J; L,591
5000,CAMAREROS Y COCINEROS PROPIETARIOS,"Camareros propietarios de bares y cafeterías Cocineros propietarios de restaurantes Dependientes propietarios de churrería-camioneta
Dependientes propietarios de quiosco de bocadillos
calientes",B; C; F; G; H; I; J; K; L; M,594
5110,COCINEROS ASALARIADOS,"Cocineros (no propietarios) Cocineros de comedor de empresa Cocineros en restaurantes Preparadores de catering Reposteros-pasteleros
Pizzero, restaurante",B; C; G; H; K; M,596
5120,CAMAREROS ASALARIADOS,"Camareros de barra Camareros de mesa Jefes de comedor Maitres
Sumilleres",B; C; F; I; J; K; L; M,598
5210,JEFES DE SECCIÓN DE TIENDAS Y ALMACENES,"Encargados de sección de centro comercial Empleados encargado de tienda
Jefes de tiendas de gran superficie",F; G; I; J; L,600
CÓD.,DESCRIPCIÓN,OCUPACIONES INCLUIDAS,GPR,PAG
5220,VENDEDORES EN TIENDAS Y ALMACENES,"Dependientes empleados de comercio
Dependientes de establecimientos de comercio al por mayor
Dependientes en puestos de mercado (permanente) municipal
Carniceros, pescaderos, charcuteros",C; F; I; J; L,602
5300,COMERCIANTES PROPIETARIOS DE TIENDAS,"Dependientes propietarios de tiendas
Dependientes propietarios de puestos de mercado permanente",C; F; G; I; J; L,604
5411,VENDEDORES EN QUIOSCOS,Dependientes de quioscos,F; I; L,606
5412,VENDEDORES EN MERCADOS OCASIONALES Y MERCADILLOS,"Propietarios de puestos de mercado ambulante Dependientes de mercados ambulantes Dependientes de mercados itinerantes Feriantes
Vendedores de artesanía en mercadillos",F; I; J; L,608
5420,OPERADORES DE TELEMARKETING,Vendedores por teléfono,F; I; J; L,610
5430,EXPENDEDORES DE GASOLINERAS,"Expendedores de combustible en gasolineras Expendedores de combustible en puerto deportivo
Operarios de lubricación, recambios y mantenimiento en estaciones de servicios de vehículos
Operadores de túnel/estación de lavado de coches",C; F; I; L,612
5491,VENDEDORES A DOMICILIO,"Vendedores a domicilio Vendedores de libros a domicilio
Vendedores por catálogo a domicilio",F; I; J; L,614
5492,PROMOTORES DE VENTA,Demostradores de producto en comercio,F; I; L,616
5493,"MODELOS DE MODA, ARTE Y PUBLICIDAD","Modelos de publicidad
Modelos artísticos Modelos de moda",F; H; M,618
5499,VENDEDORES NO CLASIFICADOS BAJO OTROS EPÍGRAFES,Dependientes de alquiler de coches,F; I; J; L,620
5500,CAJEROS Y TAQUILLEROS (EXCEPTO BANCOS),"Cajeros de supermercados Cobradores de peajes Cobradores de aparcamientos
Taquilleros de espectáculos",F; H; J,622
5611,AUXILIARES DE ENFERMERÍA HOSPITALARIA,"Técnicos auxiliares de clínica Auxiliares de quirófano
Auxiliares de enfermería de geriatría
Auxiliares de enfermería de salud mental y toxicomanías",B; C; D; F; H; I; J; L; M,624
5612,AUXILIARES DE ENFERMERÍA DE ATENCIÓN PRIMARIA,"Auxiliares de enfermería de centros de atención primaria
Auxiliares de enfermería de consultorios médicos",F; I; J; L; M,626
5621,TÉCNICOS AUXILIARES DE FARMACIA,"Técnicos auxiliares de farmacia
Ayudantes de farmacia",F; I; J; L,628
5622,TÉCNICOS DE EMERGENCIAS SANITARIAS,"Técnicos en emergencias sanitarias
Ayudantes de ambulancia",H; I; J; L; M,630
5629,TRABAJADORES DE LOS CUIDADOS A LAS PERSONAS EN SERVICIOS DE SALUD NO CLASIFICADOS BAJO OTROS EPÍGRAFES,"Celadores de hospital
Ayudantes de dentista",F; I; J; M,632
5710,TRABAJADORES DE LOS CUIDADOS PERSONALES A DOMICILIO,"Cuidadores de personas mayores a domicilio Cuidadores de enfermos a domicilio Auxiliares de enfermería en el hogar
Auxiliares de ayuda a personas dependientes a domicilio",B; C; D; F; G; I; L; M,634
CÓD.,DESCRIPCIÓN,OCUPACIONES INCLUIDAS,GPR,PAG
5721,CUIDADORES DE NIÑOS EN GUARDERÍAS Y CENTROS EDUCATIVOS,"Cuidadores de guardería infantil Auxiliares de jardín de infancia
Auxiliares de educación infantil (primer ciclo) Auxiliares de puericultura
Vigilantes de comedor escolar
Cuidadores-acompañantes en autobús escolar",B; C; D; G; I; J; L; M,636
5722,CUIDADORES DE NIÑOS EN DOMICILIOS,Niñeros,"B; C; D; G; I; J; L;
M",638
5811,PELUQUEROS,"Peluqueros de señoras Peluqueros de caballeros Barberos
Peluqueros de prótesis capilares Especialistas en cuidado del cabello
Peluqueros propietarios",B; C; F; H; J; M,640
5812,"ESPECIALISTAS EN TRATAMIENTOS DE ESTÉTICA, BIENESTAR Y AFINES","Esteticistas Estilistas Maquilladores Manicuros
Pedicuros (no callistas)
Especialistas en tratamientos de belleza Masajistas no terapéuticos",B; C; F; H; J; M,642
5821,"AUXILIARES DE VUELO Y CAMAREROS DE AVIÓN, BARCO Y TREN","Auxiliares de vuelo Sobrecargos de avión Mayordomos de barco Camareros de barco
Camareros de tren",D; F; G; I; J; L; M,644
5822,REVISORES Y COBRADORES DE TRANSPORTE TERRESTRE,"Revisores de tren
Revisores de funicular Revisores de autobús",F; G; I; J; L,646
5823,ACOMPAÑANTES TURÍSTICOS,"Guías acompañantes de viaje turístico Asistentes acompañantes de grupo turístico Tour leaders
Guías de ruta turística",F; I; J; L,648
5824,AZAFATOS DE TIERRA,"Auxiliares congresos y exposiciones
Auxiliares de tierra, en general",F; H; I; J; L,650
5825,GUÍAS DE TURISMO,"Guías local de turismo Guías de museo
Guías de parque natural",F; I; J; L,652
5831,"SUPERVISORES DE MANTENIMIENTO Y LIMPIEZA EN OFICINAS, HOTELES Y OTROS ESTABLECIMIENTOS","Gobernantes de hostelería Gobernantes de hospital Encargados de lavandería/lencería
Gambuceros (empleados de despensa de barco)",F; G; J; L,654
5832,MAYORDOMOS DEL SERVICIO DOMÉSTICO,Mayordomos domésticos,F; G; I; L,656
5833,CONSERJES DE EDIFICIOS,"Conserjes de edificios Conserjes de pabellón deportivo Conserjes de hotel
Porteros de comunidad de vecinos Bedeles
Cuidadores encargados de edificios
Sacristanes",L,658
CÓD.,DESCRIPCIÓN,OCUPACIONES INCLUIDAS,GPR,PAG
5840,TRABAJADORES PROPIETARIOS DE PEQUEÑOS ALOJAMIENTOS,"Trabajadores propietarios de pequeños alojamientos
Propietarios de pensiones (sin trabajadores o muy pocos)
Propietarios de casas de turismo rural (sin trabajadores o muy pocos)",C; F; G; I; J; L,660
5891,ASISTENTES PERSONALES O PERSONAS DE COMPAÑÍA,"Ayudantes de cámara Doncellas
Personas de compañía (sin cuidados a enfermos o
dependientes)
Asistentes personales (compañía)",F; I; L,662
5892,EMPLEADOS DE POMPAS FÚNEBRES Y EMBALSAMADORES,"Embalsamadores
Empleados de pompas fúnebres",C; G,664
5893,CUIDADORES DE ANIMALES Y ADIESTRADORES,"Adiestradores de perros Peluqueros de perros Domadores de caballos
Cuidadores de animales en parques zoológicos",C; J; L; M,666
5894,INSTRUCTORES DE AUTOESCUELA,Profesores de autoescuela,C; F; G; I; J; M,668
5895,"ASTRÓLOGOS, ADIVINADORES Y AFINES","Astrólogos Adivinos Numerománticos
Quirománticos",F; G; I; L,670
5899,TRABAJADORES DE SERVICIOS PERSONALES NO CLASIFICADOS BAJO OTROS EPÍGRAFES,"Parejas de bailes
Acompañantes en clubes nocturnos Relaciones públicas en salas de fiestas",F; G; I; L,672
5910,GUARDIAS CIVILES,"Guardias civiles
Cabos de la Guardia Civil",F; G; H; I; J; L; M,674
5921,POLICÍAS NACIONALES,Agentes de la Policía Nacional,F; G; H; I; J; L; M,676
5922,POLICÍAS AUTONÓMICOS,"Agentes de policía autonómico Mozos descuadra
Ertzainas",F; G; H; I; J; L; M,678
5923,POLICÍAS LOCALES,"Agentes municipales
Agentes de policía local",F; G; H; I; J; L; M,680
5931,BOMBEROS (EXCEPTO FORESTALES),"Bomberos (excepto forestales)
Bomberos-conductores (excepto forestales) Bomberos de aeropuerto",A; B; C; D; F; G; H; I; J; L; M,682
5932,BOMBEROS FORESTALES,Bomberos forestales,"A; B; C; D; F; G; H;
I; J; L; M",684
5941,VIGILANTES DE SEGURIDAD Y SIMILARES HABILITADOS PARA IR ARMADOS,"Vigilantes de seguridad habilitados para ir armados
Conductores de coche blindado habilitados para ir armados
Escoltas personales habilitados para ir armados",G; H; I; J; L; M,686
5942,AUXILIARES DE VIGILANTE DE SEGURIDAD Y SIMILARES NO HABILITADOS PARA IR ARMADOS,"Vigilantes de seguridad no habilitados para ir armados
Escoltas personales no habilitados para ir armados Porteros-guardas de seguridad en salas de fiestas Empleados-vigilantes de museo
Porteros de hoteles",G; H; I; J; M,688
5991,VIGILANTES DE PRISIONES,Funcionarios de prisiones,G; I; J; L; M,690
5992,BAÑISTAS-SOCORRISTAS,"Socorristas de piscina
Socorristas de playa",A; C; D; F; G; H; I; J; L; M,692
5993,AGENTES FORESTALES Y MEDIOAMBIENTALES,"Guardas forestales
Guardas de cotos de caza y pesca Guardas de riego
Vigilantes de incendios forestales (excepto vigilantes-
bomberos)",A; C; D; F; G; H; I; J; M,694
CÓD.,DESCRIPCIÓN,OCUPACIONES INCLUIDAS,GPR,PAG
5999,TRABAJADORES DE LOS SERVICIOS DE PROTECCIÓN Y SEGURIDAD NO CLASIFICADOS BAJO OTROS EPÍGRAFES,"Celadores guardamuelles
Vigilantes de aparcamientos",J; L,696
6110,"TRABAJADORES CUALIFICADOS EN ACTIVIDADES AGRÍCOLAS (EXCEPTO EN HUERTAS, INVERNADEROS, VIVEROS Y JARDINES)","Cultivadores de cereales y leguminosas Productores de cultivos industriales Fruticultores
Viticultores
Agricultores olivareros",A; B; C; D; G; J; M,699
6120,"TRABAJADORES CUALIFICADOS EN HUERTAS, INVERNADEROS, VIVEROS Y JARDINES","Horticultores Floricultores Jardineros
Cultivadores de hongos
Cultivadores de fresas",A; B; C; D; G; M,701
6201,TRABAJADORES CUALIFICADOS EN ACTIVIDADES GANADERAS DE VACUNO,"Ganaderos de ganado vacuno de leche o carne Cuidadores de ganado vacuno
Especialistas en ordeño de vacuno",A; B; C; D; G; M,703
6202,TRABAJADORES CUALIFICADOS EN ACTIVIDADES GANADERAS DE OVINO Y CAPRINO,"Ganaderos  ganado ovino o caprino Cuidadores  ganado ovino o caprino Especialistas ordeño ovejas/cabras Pastores de ovejas o cabras
Esquiladores",A; B; C; D; G; M,705
6203,TRABAJADORES CUALIFICADOS EN ACTIVIDADES GANADERAS DE PORCINO,"Criadores de ganado porcino
Cuidadores de ganado porcino",A; B; C; D; G; M,707
6204,TRABAJADORES CUALIFICADOS EN APICULTURA Y SERICICULTURA,"Apicultores
Sericultores",B; C; G; J; M,709
6205,TRABAJADORES CUALIFICADOS EN LA AVICULTURA Y LA CUNICULTURA,"Avicultores
Criadores de aves de corral Criadores de conejos Encargados/capataces granja avícola Sexadores de polluelos",A; B; C; D; G; M,711
6209,TRABAJADORES CUALIFICADOS EN ACTIVIDADES GANADERAS NO CLASIFICADOS BAJO OTROS EPÍGRAFES,"Criadores de ganado equino Criadores de aves de caza Criadores de avestruces Criadores de especies cinegéticas Criadores de perros
Criadores de gatos
Criadores de animales de peletería Criadores caracoles
Criadores de animales para laboratorio
Criadores de animales para zoo",A; B; C; D; G; M,713
6300,TRABAJADORES CUALIFICADOS EN ACTIVIDADES AGROPECUARIAS MIXTAS,"Trabajadores agropecuarios
Agricultores de producciones mixtas (vegetal y animal)",A; B; C; D; G; M,715
6410,TRABAJADORES CUALIFICADOS EN ACTIVIDADES FORESTALES Y DEL MEDIO NATURAL,"Trabajadores cualificados forestales Encargados-capataces forestales Extractores de corcho
Carboneros (de carbón vegetal)",A; B; C; D; G; J; M,717
CÓD.,DESCRIPCIÓN,OCUPACIONES INCLUIDAS,GPR,PAG
6421,TRABAJADORES CUALIFICADOS EN LA ACUICULTURA,"Acuicultores
Cultivadores de moluscos
Trabajadores cualificados en piscifactorías Trabajadores cualificados en granjas marinas Encargados en piscifactorías
Mejilloneros de batea
Mariscadores acuicultores",A; B; C; D; G; M,719
6422,PESCADORES DE AGUAS COSTERAS Y AGUAS DULCES,"Patrones de pesca de litoral Pescadores de bajura, costa o litoral Mariscadores recolectores Recolectores de mejillones Recolectores de percebes
Pescadores de agua dulce",A; B; C; D; G; J; M,721
6423,PESCADORES DE ALTURA,"Patrones de pesca de altura
Patrones de pesca de arrastre Pescadores de altura",A; B; C; D; G; J; M,723
6430,TRABAJADORES CUALIFICADOS EN ACTIVIDADES CINEGÉTICAS,Cazadores,A; B; C; D; G; J; M,725
7111,ENCOFRADORES Y OPERARIOS DE PUESTA EN OBRA DE HORMIGÓN,"Encofradores Ferrallistas
Pavimentadores a base de hormigón",A; B; C; D; H; J; M,728
7112,MONTADORES DE PREFABRICADOS ESTRUCTURALES (SÓLO HORMIGÓN),Ensambladores de prefabricados de hormigón,A; B; C; D; H; J; M,730
7121,ALBAÑILES,"Albañiles
Colocadores de piedra Mamposteros",A; B; C; D; J; M,732
7122,"CANTEROS, TRONZADORES, LABRANTES Y GRABADORES DE PIEDRAS","Hendedores-tronzadores piedra Canteros de la construcción Adornistas, piedra o mármol
Grabadores de inscripciones, piedra o mármol a mano",A; B; C; D; J; M,734
7131,CARPINTEROS (EXCEPTO EBANISTAS),"Carpinteros de la construcción Carpinteros de armar Carpinteros de obra Carpinteros de astilleros
Persianistas",A; B; C; D; J; M,736
7132,INSTALADORES DE CERRAMIENTOS METÁLICOS Y CARPINTEROS METÁLICOS (EXCEPTO MONTADORES DE ESTRUCTURAS METÁLICAS),"Instaladores de cerramientos metálicos
Carpinteros metálicos",A; B; C; D; J; M,738
7191,MANTENEDORES DE EDIFICIOS,"Operadores de mantenimiento de edificios
Trabajadores de mantenimiento de colegios",B; C; D; J; M,740
7192,INSTALADORES DE FACHADAS TÉCNICAS,Instaladores de fachadas técnicas,A; B; C; D; J; M,742
7193,INSTALADORES DE SISTEMAS DE IMPERMEABILIZACIÓN EN EDIFICIOS,"Instaladores de materiales de impermeabilización en edificios
Impermeabilizadores de terrazas",A; B; C; D; J; M,744
7199,OTROS TRABAJADORES DE LAS OBRAS ESTRUCTURALES DE CONSTRUCCIÓN NO CLASIFICADOS BAJO OTROS EPÍGRAFES,"Operarios especializados en demolición Montadores de andamios
Operarios de construcción trabajos a gran altura
Colocadores de prefabricados ligeros (pladur)",A; B; C; D; J; M,746
7211,ESCAYOLISTAS,"Modelistas de escayola de la construcción
Escayolistas decoradores",A; B; C; D; J; M,748
CÓD.,DESCRIPCIÓN,OCUPACIONES INCLUIDAS,GPR,PAG
7212,APLICADORES DE REVESTIMIENTOS DE PASTA Y MORTERO,"Revocadores Yesistas enlucidores
Estuquistas decoradores
Enfoscadores",A; B; C; D; J; M,750
7221,FONTANEROS,"Instaladores de tuberías
Fontaneros",A; B; C; D; J; M,752
7222,MONTADORES-INSTALADORES DE GAS EN EDIFICIOS,"Instaladores de gas
Montadores de instalaciones de gas en edificios",A; B; C; D; J; M,754
7223,INSTALADORES DE CONDUCTOS EN OBRA PÚBLICA,"Instaladores de conducciones en obra pública
Instaladores de tubos para conducciones en zanjas en obra pública
Reparadores de grandes tuberías",A; B; C; D; J; M,756
7231,PINTORES Y EMPAPELADORES,"Pintores de edificios Empapeladores
Pintores de decorados de teatro, cine y televisión Pintores de bandas sobre vías urbanas y carreteras
Barnizadores excepto de productos manufacturados",A; B; C; D; J; M,758
7232,PINTORES EN LAS INDUSTRIAS MANUFACTURERAS,"Pintores de productos manufacturados Barnizadores de productos manufacturados Pintores de vehículos
Pintores-decoradores de muebles
Pintores-decoradores de juguetería",A; B; C; D; J; M,760
7240,"SOLADORES, COLOCADORES DE PARQUET Y AFINES","Parqueteros Marmolistas Soladores
Instaladores de moqueta
Pavimentadores con adoquines",A; B; C; D; J; M,762
7250,MECÁNICOS-INSTALADORES DE REFRIGERACIÓN Y CLIMATIZACIÓN,"Mecánicos de sistemas de climatización Mecánicos de sistemas de refrigeración
Calefactores",A; B; C; D; J; M,764
7291,MONTADORES DE CUBIERTAS,"Techadores con asfalto Techadores con metal Techadores con pizarra Tejadores
Reparadores de tejados",A; B; C; D; J; M,766
7292,INSTALADORES DE MATERIAL AISLANTE TÉRMICO Y DE INSONORIZACIÓN,"Instaladores de material aislante Instaladores de material insonorizante
Instaladores de material aislante en calderas y tuberías
Instaladores de material aislante en instalaciones de refrigeración y climatización",A; B; C; D; J; M,768
7293,CRISTALEROS,"Cristaleros
Colocadores de cristales Cristaleros de claraboyas
Instaladores de lunas y cristales en vehículos",A; B; C; D; E; J; M,770
7294,MONTADORES-INSTALADORES DE PLACAS DE ENERGÍA SOLAR,"Montadores de placas de energía solar Montadores de instalaciones solares Instaladores de sistemas de energía solar
Reparadores- mantenedores de instalaciones",A; B; C; D; J; M,772
7295,PERSONAL DE LIMPIEZA DE FACHADAS DE EDIFICIOS Y CHIMENEAS,"Deshollinadores Limpiadores de fachadas
Limpiadores de fachadas con chorro de arena",A; B; C; D; J; M,774
CÓD.,DESCRIPCIÓN,OCUPACIONES INCLUIDAS,GPR,PAG
7311,MOLDEADORES Y MACHEROS,"Moldeadores sobre banco, fundición de metales Moldeadores en suelo y fosas
Macheros a mano.",A; B; C; D; G; M,776
7312,SOLDADORES Y OXICORTADORES,"Cobresoldadores Oxicortadores, a mano Soldadores, por arco eléctrico
Plomeros",A; B; C; D; G; H; J; M,778
7313,CHAPISTAS Y CALDEREROS,"Chapista, automóviles. Chapista, aviones.
Caldereros.",A; B; C; D; E; G; J; M,780
7314,MONTADORES DE ESTRUCTURAS METÁLICAS,"Montadores de estructuras metálicas Trazadores de estructuras metálicas Remachadores de elementos metálicos
Armadores de blindaje de buques",A; B; C; D; G; J; M,782
7315,MONTADORES DE ESTRUCTURAS CABLEADAS Y EMPALMADORES DE CABLES,"Montadores-instaladores de cables, cuerdas y/o poleas
Montadores-instaladores de aparatos de elevación
Montadores-instaladores de ascensores
Instaladores de pozos y equipos de perforación de petróleo y gas
Instaladores de funiculares y teleféricos",A; B; C; D; E; G; J; M,784
7321,HERREROS Y FORJADORES,"Herreros forjadores Rebabadores de forja Forjadores manual Estampadores en prensa Forjadores, martillo pilón
Herradores",A; B; C; D; E; G; J; M,786
7322,"TRABAJADORES DE LA FABRICACIÓN DE HERRAMIENTAS, MECÁNICO-AJUSTADORES, MODELISTAS, MATRICEROS Y AFINES","Matriceros Armeros Cerrajeros Modelistas
Herramentistas",A; B; C; E; G; J; M,788
7323,AJUSTADORES Y OPERADORES DE MÁQUINAS- HERRAMIENTA,"Operadores de mandriladora Reguladores de máquinas herramientas Operadores de máquinas herramientas
Operadores-regulador de máquinas herramientas Torneros de piezas de metal
Operadores de máquinas de fabricación de remaches",A; B; C; E; G; H; J; M,790
7324,PULIDORES DE METALES Y AFILADORES DE HERRAMIENTAS,"Bruñidores de metales Afiladores de herramientas Pulidores de metales
Afiladores de cuchillería",B; C; E; G; J; M,792
7401,MECÁNICOS Y AJUSTADORES DE VEHÍCULOS DE MOTOR,"Mecánicos ajustadores de sistemas de frenado de automóviles
Mecánicos de motores diesel (transporte por carretera)
Ajustadores de motores (vehículos de motor) Mecánicos de motocicletas
Mecánicos reparadores de vehículos de motor",A; B; C; D; E; G; J; M,794
CÓD.,DESCRIPCIÓN,OCUPACIONES INCLUIDAS,GPR,PAG
7402,MECÁNICOS Y AJUSTADORES DE MOTORES DE AVIÓN,"Mecánicos de motores de avión Técnicos de mantenimiento de aviones
Supervisores de  mantenimiento de aviones Mecánicos de aviación
Mecánicos de helicópteros Mecánicos de motores a reacción
Mecánicos de componentes de motores de reacción",A; B; C; D; E; G; J; M,796
7403,MECÁNICOS Y AJUSTADORES DE MAQUINARIA AGRÍCOLA E INDUSTRIAL,"Mecánicos/reparadores de máquinas de construcción
Reparadores de maquinaria de construcción Reparadores de maquinaria agrícola Mecánicos de máquinas de minería Reparadores de máquinas de minería Mecánicos de máquinas fijas
Reparadores de máquinas fijas",A; B; C; D; E; G; J; M,798
7404,MECÁNICOS Y AJUSTADORES DE MAQUINARIA NAVAL Y FERROVIARIA,"Mecánicos de motores de tren Reparadores de motores de tren
Reparadores de motores de barco",A; B; C; D; E; G; J; M,800
7405,REPARADORES DE BICICLETAS Y AFINES,"Mecánicos de bicicletas Reparadores de bicicletas Reparadores de cochecitos de niño
Reparadores de sillas de ruedas",A; B; C; D; E; G; J; M,802
7510,ELECTRICISTAS DE LA CONSTRUCCIÓN Y AFINES,"Electricistas
Electricistas reparadores de la construcción Electricistas en escenario o plató",A; B; C; D; E; G; J; M,804
7521,MECÁNICOS Y REPARADORES DE EQUIPOS ELÉCTRICOS,"Bobinadores
Ajustadores-electricistas de dinamos Mecánicos-electricista
Mecánicos de ascensores
Mecánicos electricistas de aparatos electrodomésticos",A; B; C; D; E; G; J; M,806
7522,INSTALADORES Y REPARADORES DE LÍNEAS ELÉCTRICAS,"Empalmadores de cables eléctricos
Instaladores reparadores de líneas eléctricas de tracción
Instaladores reparadores de líneas eléctricas subterráneas
Instaladores reparadores de líneas eléctricas, tendido aéreo",A; B; C; D; E; G; J; M,808
7531,MECÁNICOS Y REPARADORES DE EQUIPOS ELECTRÓNICOS,"Mecánicos de cajeros automáticos Mecánicos electrónico
Reparadores de equipos electrónicos
Técnicos de fotocopiadoras",A; B; C; D; E; G; J; M,810
7532,INSTALADORES Y REPARADORES EN ELECTROMEDICINA,"Técnicos reparadores de aparatos de electromedicina Electrónicos-ajustadores de aparatos médicos Instaladores-reparadores de equipos de electromedicina
Técnicos de mantenimiento de equipos de
electromedicina",A; B; C; E; G; J; M,812
7533,INSTALADORES Y REPARADORES EN TECNOLOGÍAS DE LA INFORMACIÓN Y LAS COMUNICACIONES,"Técnicos reparadores de equipos informáticos Instaladores de ordenadores
Cableadores de datos y telecomunicaciones Montadores de equipos informáticos
Técnicos reparadores de equipos de telecomunicaciones
Instaladores de telefonía",A; B; C; E; G; J; M,814
CÓD.,DESCRIPCIÓN,OCUPACIONES INCLUIDAS,GPR,PAG
7611,RELOJEROS Y MECÁNICOS DE INSTRUMENTOS DE PRECISIÓN,"Mecánicos de instrumentos de meteorología Constructores de instrumentos quirúrgicos
Constructores de relojes",C; E; G; J; M,816
7612,LUTIERES Y SIMILARES; AFINADORES DE INSTRUMENTOS MUSICALES,"Fabricantes de instrumentos musicales (de metal) Fabricantes de instrumentos musicales (de cuerda) Fabricantes de instrumentos musicales (de madera)
Afinadores de instrumentos musicales",C; E; G; I; J; M,818
7613,"JOYEROS, ORFEBRES Y PLATEROS","Esmaltadores de joyas Orfebres
Joyeros
Engastadores de piedras preciosas Plateros",C; E; G; J; M,820
7614,"TRABAJADORES DE LA CERÁMICA, ALFAREROS Y AFINES","Moldeadores de objetos de loza y porcelana Modelistas de objetos de loza y porcelana Ceramistas
Moldeadores de muelas abrasivas",C; E; G; J; M,822
7615,"SOPLADORES, MODELADORES, LAMINADORES, CORTADORES Y PULIDORES DE VIDRIO","Pulidores de cristales Cortadores de cristales Biseladores de cristales Sopladores de vidrio
Modeladores de vidrio",C; E; G; H; J; M,824
7616,"ROTULISTAS, GRABADORES DE VIDRIO, PINTORES DECORATIVOS DE ARTÍCULOS DIVERSOS","Grabadores de vidrio
Grabadores al aguafuerte de vidrio Esmaltadores de vidrio
Pintores decoradores de vidrio y cerámica
Pintores de rótulos",C; E; G; J; M,826
7617,"ARTESANOS EN MADERA Y MATERIALES SIMILARES; CESTEROS, BRUCEROS Y TRABAJADORES AFINES","Artesanos tejedores de junco Artesanos de artículos de madera Cesteros
Tejedores de muebles de mimbre",C; E; G; J; M,828
7618,"ARTESANOS EN TEJIDOS, CUEROS Y MATERIALES SIMILARES, PREPARADORES DE FIBRA Y TEJEDORES CON TELARES ARTESANOS O DE TEJIDOS DE PUNTO Y AFINES","Artesanos de alfombras Artesanos del cuero Peinadores de fibras textiles Estiradores de fibras textiles Ganchilleros a mano Tejedores de telar
Rederos",C; E; G; J; M,830
7619,ARTESANOS NO CLASIFICADOS BAJO OTROS EPÍGRAFES,"Cereros Pirotécnicos
Artesanos de artículos de piedra
Artesanos de juguetes de metal",C; E; G; J; M,832
7621,TRABAJADORES DE PROCESOS DE PREIMPRESIÓN,"Cajistas
Troqueladores, artes gráficas Técnicos en preimpresión Montadores de pantallas de serigrafía
Confeccionadores de planchas de impresión Confeccionadores de pantallas de serigrafía
Linotipistas",A; B; C; D; E; G; H; J; M,834
CÓD.,DESCRIPCIÓN,OCUPACIONES INCLUIDAS,GPR,PAG
7622,TRABAJADORES DE PROCESOS DE IMPRESIÓN,"Impresores a la plancha
Operadores de máquinas de impresión digital Operadores de alimentación (impresión) Operadores de prensas de flexografía Operadores de prensas de fotograbado",A; B; C; D; E; G; H; J; M,836
7623,TRABAJADORES DE PROCESOS DE ENCUADERNACIÓN,"Encuadernadores Operadores de guillotinas
Operadores de máquinas de estampación en caliente Operadores de plegadoras
Operadores de alzadoras
Operadores de encuadernadoras Cosedores, encuadernación
Operadores de pequeñas encuadernadoras de taller",B; C; D; E; G; H; J; M,838
7701,MATARIFES Y TRABAJADORES DE LAS INDUSTRIAS CÁRNICAS,"Carniceros Despojeros
Chacineros-charcuteros
Preparadores, jamones Matarifes",A; B; C; D; G; J; M,840
7702,TRABAJADORES DE LAS INDUSTRIAS DEL PESCADO,"Fileteadores de pescado Pescaderos
Saladores, pescado
Ahumadores, pescados",A; B; C; D; G; J; M,842
7703,"PANADEROS, PASTELEROS Y CONFITEROS","Panaderos, fabricación. Pasteleros, fabricación. Chocolateros
Turroneros",B; C; G; K; M,844
7704,TRABAJADORES DEL TRATAMIENTO DE LA LECHE Y ELABORACIÓN DE PRODUCTOS LÁCTEOS (INCLUIDOS HELADOS),"Queseros, artesanal Mantequilleros, artesanal
Heladeros, artesanal",B; C; D; M,846
7705,TRABAJADORES CONSERVEROS DE FRUTAS Y HORTALIZAS Y TRABAJADORES DE LA ELABORACIÓN DE BEBIDAS NO ALCOHÓLICAS,"Elaboradores de conservas, frutas, verduras y hortalizas
Preparadores, aderezo y relleno de aceitunas Almazareros, artesanal
Elaboradores de aceite, artesanal
Manipuladores de frutas y hortalizas",C; M,848
7706,TRABAJADORES DE LA ELABORACIÓN DE BEBIDAS ALCOHÓLICAS DISTINTAS DEL VINO,"Sidreros
Cocedores de malta, cerveza Bodegueros de cerveza",C,850
7707,TRABAJADORES DE LA ELABORACIÓN DEL VINO,"Bodegueros vinícolas
Operarios en la elaboración de vinos",C,852
7708,PREPARADORES Y ELABORADORES DEL TABACO Y SUS PRODUCTOS,"Cigarreros
Operarios de fabricación de cigarrillos Clasificadores de hojas de tabaco Mezcladores de tabaco",C; M,854
7709,CATADORES Y CLASIFICADORES DE ALIMENTOS Y BEBIDAS,"Clasificadores de alimentos Degustadores de alimentos Catadores de licores Catadores de té
Catadores de vinos",E; G; K,856
CÓD.,DESCRIPCIÓN,OCUPACIONES INCLUIDAS,GPR,PAG
7811,TRABAJADORES DEL TRATAMIENTO DE LA MADERA,"Operadores de estufas y hornos para secado de madera
Operadores de secadora Secadores de madera Impregnadores de madera
Trabajadores del tratamiento de la madera y corcho
(excep.operadores de máquinas de procesamiento)",A; B; C; D; M,858
7812,AJUSTADORES Y OPERADORES DE MÁQUINAS PARA TRABAJAR LA MADERA,"Operadores de máquinas para trabajar la madera Operadores de máquinas de fabricación de muebles
Operadores de sierras mecánicas
Operadores de máquinas para la elaboración de productos de madera
Torneros de madera
Operadores de fresadoras de madera
Reguladores-operadores de máquinas de labra de madera",A; B; C; D; G; J; M,860
7820,EBANISTAS Y TRABAJADORES AFINES,"Ebanistas Carreteros
Reparadores de muebles
Fabricantes de ruedas Patronistas en madera",A; B; C; D; G; J; M,862
7831,"SASTRES, MODISTOS, PELETEROS Y SOMBREREROS","Modistos Peleteros Sastres
Sombrereros",C; E; G; J; M,864
7832,PATRONISTAS PARA PRODUCTOS EN TEXTIL Y PIEL,"Patronistas de pieles
Patronistas de prendas de vestir",C; E; G; J; M,866
7833,"CORTADORES DE TEJIDOS, CUERO, PIEL Y OTROS MATERIALES","Cortadores de prendas de vestir
Cortadores de guantes",C; E; G; J; M,868
7834,"COSTUREROS A MANO, BORDADORES Y AFINES","Bordadores Costureros
Paragüeros",C; E; G; J; M,870
7835,"TAPICEROS, COLCHONEROS Y AFINES","Colchoneros Tapiceros de muebles
Tapiceros de vehículos
Tapiceros de artículos de ortopedia",C; E; G; J; M,872
7836,CURTIDORES Y PREPARADORES DE PIELES,"Sobadores de pieles Clasificadores de cueros y pellejos
Curtidores",A; B; C; E; G; J; M,874
7837,ZAPATEROS Y AFINES,"Zapateros remendones Guarnicioneros Zapateros
Zapateros ortopédicos",C; E; G; J; M,876
7891,BUCEADORES,"Hombres rana de salvamento
Buzos",A; B; C; D; G; H; I; J; L; M,878
7892,PEGADORES,"Pegadores Polvoristas
Grumetes encargados de la pólvora
Dinamiteros",A; B; C; D; E; G; H; J,880
7893,"CLASIFICADORES Y PROBADORES DE PRODUCTOS (EXCEPTO ALIMENTOS, BEBIDAS Y TABACO)","Clasificadores de productos
Clasificadores de lanas",G,882
CÓD.,DESCRIPCIÓN,OCUPACIONES INCLUIDAS,GPR,PAG
7894,FUMIGADORES Y OTROS CONTROLADORES DE PLAGAS Y MALAS HIERBAS,"Fumigadores Controladores de plagas
Controladores de malas hierbas",A; B; C; J,884
7899,"OFICIALES, OPERARIOS Y ARTESANOS DE OTROS OFICIOS NO CLASIFICADOS BAJO OTROS EPÍGRAFES","Arregladores de flores Pulidores de objetivos ópticos
Moldeadores de objetivos ópticos
Oficiales, operarios y artesanos de artes mecánicas y de otros oficios no clasificados bajo otros epígrafes",C; E; G; J,886
8111,MINEROS Y OTROS OPERADORES EN INSTALACIONES MINERAS,"Mineros Salineros
Estibadores de minas
Mineros del arranque del carbón Mineros del arranque de metales
Mineros del arranque de piedras ornamentales Operadores de máquinas perforadores en minas
Operadores de máquinas extractoras de mineral",A; B; C; D; H; M,889
8112,OPERADORES EN INSTALACIONES PARA LA PREPARACIÓN DE MINERALES Y ROCAS,"Operadores de máquinas quebrantadoras de mineral Operadores de lavaderos de mineral
Operadores de máquinas del labrado de la piedra",A; B; C; G; H; J; M,891
8113,SONDISTAS Y TRABAJADORES AFINES,"Operadores de máquinas perforadoras de pozos de petróleo y gas
Operadores de tren de sondeo/rotación (pozos de petróleo y gas)
Sondistas prospectores, pozos en explotación Tuberistas de minas y sondeos
Sondistas de roca o carbón",A; B; C; D; G; H; J; M,893
8114,OPERADORES DE MAQUINARIA PARA FABRICAR PRODUCTOS DERIVADOS DE MINERALES NO METÁLICOS,"Operadores en instalaciones para la producción de cemento
Operadores de máquinas para elaborar yeso o escayola Operadores de máquinas para elaborar cal
Operadores de máquina, productos prefabricados de hormigón
Operadores de máquina, fabricación de piedra artificial
Operadores de maquinas en planta de áridos
Operadores de maquinas en planta de aglomerados asfálticos
Operadores de maquinas pulidoras de piedras",A; B; C; G; H; J; M,895
8121,OPERADORES EN INSTALACIONES PARA LA OBTENCIÓN Y TRANSFORMACIÓN DE METALES,"Fundidores de segunda fusión (metalurgia) Operadores de procesos de forjado de metales Operadores de planta de obtención de aluminio Operadores de máquina estiradora de metales Operadores de máquina trefiladora de metales
Operadores de coquización",A; B; C; H; J; M,897
8122,"OPERADORES DE MÁQUINAS PULIDORAS, GALVANIZADORAS Y RECUBRIDORAS DE METALES","Operadores de máquina, galvanoplastia
Operadores de máquina, pulidora/metalurgia Operadores de máquina, recubridora/alambre",A; B; C; E; H; J; M,899
CÓD.,DESCRIPCIÓN,OCUPACIONES INCLUIDAS,GPR,PAG
8131,OPERADORES EN PLANTAS INDUSTRIALES QUÍMICAS,"Operadores de planta química
Operadores de instalaciones de tratamiento químico térmico de productos
Operadores de reactor, procesos químicos
Operadores de equipos de destilación y reacción química
Operadores de instalaciones para producir abonos artificiales
Operadores de máquina, fabricación de municiones
Operadores de máquina, fabricación de pinturas",C; G; J; M,901
8132,"OPERADORES DE MÁQUINAS PARA FABRICAR PRODUCTOS FARMACÉUTICOS, COSMÉTICOS Y AFINES","Operadores de máquina, fabricación de cosméticos
Operadores de máquina, fabricación de productos farmacéuticos
Operadores de máquina, fabricación de detergentes",C; E; G; J,903
8133,OPERADORES DE LABORATORIOS FOTOGRÁFICOS Y AFINES,"Operadores de máquina, revelado de fotografías Operadores de máquina, revelado de películas de cine
Operadores de máquina, revelado de radiografías
Operadores de máquina, ampliación de fotografías
Operadores de máquina para fabricar cinta para películas de cine
Operadores de máquina para fabricar papel fotográfico
Operadores de máquina para fabricar película fotográfica",C; E; G; J,905
8141,OPERADORES DE MÁQUINAS PARA FABRICAR PRODUCTOS DE CAUCHO Y DERIVADOS DE RESINAS NATURALES,"Operadores de máquina de fabricación de productos de caucho
Operadores de máquina de fabricación de neumáticos
Operadores de máquina de vulcanización de neumáticos
Operadores de máquina mezcladora-amasadora de caucho
Operadores de máquina extrusora de caucho
Operadores de máquinas para fabricar sellos de caucho
Operadores de máquinas para fabricar productos derivados de resinas naturales",C; G; J; M,907
8142,OPERADORES DE MÁQUINAS PARA FABRICAR PRODUCTOS DE MATERIAL PLÁSTICO,"Operadores de fabricación de juguetes de plástico
Operadores de máquinas para fabricar productos de plástico
Operadores de máquinas inyectoras de plásticos Operadores de máquinas extrusoras de PVC
Operadores de máquinas soldadoras de material plástico
Operadores de máquinas metalizadoras de plástico por alto vacío
Operadores de máquinas para preparar moldes de resina",C; G; J; M,909
8143,OPERADORES DE MÁQUINAS PARA FABRICAR PRODUCTOS DE PAPEL Y CARTÓN,"Operadores de máquinas para fabricar artículos de cartón
Operadores de máquinas para fabricar manteles, toallitas y compresas
Operadores de máquinas cortadora/plegadora de papel y cartón
Operadores de máquina troqueladoras de papel, cartón y materiales afines",C; G; J; M,911
CÓD.,DESCRIPCIÓN,OCUPACIONES INCLUIDAS,GPR,PAG
8144,"OPERADORES DE SERRERÍAS, DE MÁQUINAS DE FABRICACIÓN DE TABLEROS Y DE INSTALACIONES AFINES PARA EL TRATAMIENTO DE LA MADERA Y EL CORCHO","Operadores de máquinas tronzadoras de madera Operadores de máquinas descortezadoras de madera
Operadores de sierras circulares (madera) Operadores de fabricación de laminados de madera
Operadores de máquinas de fabricación de aglomerados
Operadores de máquinas para fabricar chapas y tableros contrachapados
Operadores de máquinas para el tratamiento del corcho",C; D; G; J; M,913
8145,OPERADORES EN INSTALACIONES PARA LA PREPARACIÓN DE PASTA DE PAPEL Y FABRICACIÓN DE PAPEL,"Operadores en instalaciones de fabricación de pasta de papel
Operadores máquinas trituradoras de pasta de papel
Operadores de máquinas lavadoras de pasta de papel
Operadores de máquinas blanqueadoras de pasta de papel
Operadores de máquinas de fabricación de papel y cartón
Operadores de máquinas calandradoras-satinadoras de papel
Operadores de máquinas cortadoras de papel",C; D; G; J; M,915
8151,"OPERADORES DE MÁQUINAS PARA PREPARAR FIBRAS, HILAR Y DEVANAR","Operadores de máquinas lavadoras de fibras textiles
Operadores de máquinas de hilar continua Operadores de máquinas cardadoras de fibras
Operadores de máquinas bobinadoras y trascanadoras de
hilos",C; D; G; J; M,917
8152,OPERADORES DE TELARES Y OTRAS MÁQUINAS TEJEDORAS,"Preparadores-ajustadores de telares
Operadores de máquinas tejedoras en telar de calada Operadores de máquinas urdidora-encoladora de hilos
Operadores de máquinas tejedora de redes y mallas
Operadores de máquinas remalladoras de prendas de género de punto
Operadores de máquinas circular tejedora de género de punto",C; G; J; M,919
8153,OPERADORES DE MÁQUINAS DE COSER Y BORDAR,"Operadores de máquinas industriales de coser
Operadores de máquinas industrial de bordar",C; E; G; H; J; M,921
8154,"OPERADORES DE MÁQUINAS DE BLANQUEAR, TEÑIR, ESTAMPAR Y ACABAR TEXTILES","Operadores de máquinas para el acabado de productos textiles
Operadores de máquinas de tintura de telas
Operadores de máquinas estampadoras de textiles
Operadores de máquinas planchadoras de confección industrial
Operadores de máquinas lavadoras de hilados
Operadores de máquinas de tintura de hilados y fibras",B; C; D; G; J; M,923
8155,OPERADORES DE MÁQUINAS PARA TRATAR PIELES Y CUERO,"Operadores de máquinas de curtido de pieles y cueros
Operadores de máquinas cortadoras (preparación de pieles y cueros)
Operadores de máquinas de planchado y grabado de curtidos",B; C; D; G; J; M,925
CÓD.,DESCRIPCIÓN,OCUPACIONES INCLUIDAS,GPR,PAG
8156,"OPERADORES DE MÁQUINAS PARA LA FABRICACIÓN DEL CALZADO, MARROQUINERÍA Y GUANTERÍA DE PIEL","Operadores de máquinas cortadora de piezas de calzado
Operadores de máquinas de cosido y aparado de calzado
Operadores de máquinas de acabado de calzado
Operadores de máquinas para rebajar piezas (aparado de calzado)
Operadores de máquinas automática para lijar zapatos
Montadores a máquina de talones de calzado
Montadores a máquina para confeccionar guantes
Operadores de máquinas para fabricar artículos de marroquinería",C; E; G; H; J; M,927
8159,OPERADORES DE MÁQUINAS PARA FABRICAR PRODUCTOS TEXTILES NO CLASIFICADOS BAJO OTROS EPÍGRAFES,"Operadores de máquinas para fabricar colchones Operadores de máquinas para confeccionar sombreros Operadores de máquinas para fabricar tiendas Operadores de máquinas para confeccionar pasamanería
Operadores de máquinas para confeccionar telas no
tejidas
Operadores de máquinas para confeccionar adornos para tocado y vestido
Operadores de máquinas cortadoras de pieles y cueros (confección)",B; C; D; G; J; M,929
8160,"OPERADORES DE MÁQUINAS PARA ELABORAR PRODUCTOS ALIMENTICIOS, BEBIDAS Y TABACO","Operadores  fabricación de productos de panadería Operadores de fabricación de pan
Operadores elaboración chocolates Operadores fabricación cigarrillos Operadores productos lácteos Operadores preparación de pescado Operadores preparación de carne
Operadores tratamiento de la leche",C; G; H; J; M,931
8170,OPERADORES DE MÁQUINAS DE LAVANDERÍA Y TINTORERÍA,"Operadores de máquinas de limpieza en seco Operadores de máquinas de lavandería Operadores de máquinas de planchado
Operadores de máquinas de tintura de prendas en
lavandería",B; C; D; G; J; M,933
8191,OPERADORES DE HORNOS E INSTALACIONES DE VIDRIERÍA Y CERÁMICA,"Operadores de hornos de producción de vidrio Operadores de hornos de tejas y ladrillos Operadores de hornos de cerámica y porcelana Operadores de máquinas de soplado de vidrio Operadores de máquinas de mezclado de arcilla
Operadores de máquinas de mezclado de vidrio",B; C; D; G; J; M,935
8192,OPERADORES DE CALDERAS Y MÁQUINAS DE VAPOR,"Encargados de caldera Operadores de caldera de buque Técnicos en equipos fijos Operadores de máquina de vapor
Fogoneros",C; G; J; M,937
8193,"OPERADORES DE MÁQUINAS DE EMBALAJE, EMBOTELLAMIENTO Y ETIQUETADO","Operadores de máquinas envasadoras de pastas alimenticias
Operadores de máquinas envasadoras de azúcar Operadores de máquinas embotelladoras de bebidas
Embaladores envasadores de medicinas Operadores de máquinas empaquetadoras Operadores de máquinas etiquetadoras
Operadores de máquinas enlatadoras de conservas",C; G; H; J; M,939
CÓD.,DESCRIPCIÓN,OCUPACIONES INCLUIDAS,GPR,PAG
8199,OPERADORES DE INSTALACIONES Y MAQUINARIA FIJAS NO CLASIFICADOS BAJO OTROS EPÍGRAFES,"Operadores de máquina de fabricación de chips de silicio
Operadores de máquina empalmadora de cables y cuerdas",G; J; M,941
8201,ENSAMBLADORES DE MAQUINARIA MECÁNICA,"Montadores de motores Mecánicos de banco (camiones) Montadores de vehículos Instaladores de motores
Montadores ajustadores de elementos mecánicos de
motores aeronáuticos
Ensambladores de turbinas",B; C; D; E; G; H; J; M,943
8202,ENSAMBLADORES DE EQUIPOS ELÉCTRICOS Y ELECTRÓNICOS,"Montadores de maquinaria eléctrica Montadores de aparatos y cuadros eléctricos Montadores de bobinadora/motores Montadores de equipos electrónicos Montadores de aparatos electrónicos Montadores de teléfonos
Montadores de televisores",C; E; G; H; J; M,945
8209,MONTADORES Y ENSAMBLADORES NO CLASIFICADOS EN OTROS EPÍGRAFES,"Ensambladores de municiones Constructores de cajas Ensambladores de bicicletas Ensambladores de puertas Ensambladores de monturas de gafas Técnicos en acabado de muebles Montadores de joyas
Ensambladores de cuchillos Ensambladores productos de cuero Técnicos en acabado de maletas Ensambladores productos de cartón Ensambladores plumas y bolígrafos Ensambladores juguetes de plástico Ensambladores de persianas Ensambladores de productos textiles
Ensambladores de termos",C; E; G; H; J; M,947
8311,MAQUINISTAS DE LOCOMOTORAS,"Maquinistas  de locomotoras
Conductores de trenes",G; H; I; J; L; M,949
8312,AGENTES DE MANIOBRAS FERROVIARIAS,"Guardafrenos de ferrocarriles Agentes de maniobras de ferrocarriles
Guardagujas de ferrocarriles",C; G; H; I; J,951
8321,OPERADORES DE MAQUINARIA AGRÍCOLA MÓVIL,"Operadores de cosechadora
Tractoristas",B; C; G; H; I; J; M,953
8322,OPERADORES DE MAQUINARIA FORESTAL MÓVIL,"Operadores de equipos de corte de troncos
Conductores de transporte de maderas Operadores de máquina taladora de árboles",B; C; G; H; I; J; M,955
8331,OPERADORES DE MAQUINARIA DE MOVIMIENTOS DE TIERRAS Y EQUIPOS SIMILARES,"Operadores de niveladoras Operadores de excavadoras Operadores de explanadoras Operadores de apisonadoras Operadores de quitanieves Operadores de martinetes
Operadores de asfaltadoras",B; C; G; H; I; J; M,957
CÓD.,DESCRIPCIÓN,OCUPACIONES INCLUIDAS,GPR,PAG
8332,"OPERADORES DE GRÚAS, MONTACARGAS Y DE MAQUINARIA SIMILAR DE MOVIMIENTO DE MATERIALES","Operadores de aparatos elevadores Operadores de grúas móviles Operadores de grúas de torre
Operadores de teleféricos",C; E; G; H; I; J; M,959
8333,OPERADORES DE CARRETILLAS ELEVADORAS,"Operadores de carretillas elevadoras Conductores de toro
Carretillero almacenero",E; G; H; I; J; M,961
8340,"MARINEROS DE PUENTE, MARINEROS DE MÁQUINAS Y AFINES","Contramaestres de cubierta
Marineros de cubierta de transbordadores Marineros de cubierta de remolcadores Marineros",A; B; C; D; H; I; J; M,963
8411,"CONDUCTORES PROPIETARIOS DE AUTOMÓVILES, TAXIS Y FURGONETAS","Taxistas propietarios
Chóferes particulares con coche propio Repartidores de pedidos propietarios de furgoneta Conductores propietarios de camionetas",B; G; H; I; J; L; M,965
8412,"CONDUCTORES ASALARIADOS DE AUTOMÓVILES, TAXIS Y FURGONETAS","Taxistas asalariados
Chóferes particulares asalariados
Repartidores asalariados de pedidos en furgoneta Conductores asalariados de camionetas",B; G; H; I; J; L; M,967
8420,CONDUCTORES DE AUTOBUSES Y TRANVÍAS,"Conductores de autobús
Conductores de microbús Conductores de tranvía",B; G; H; I; J; M,969
8431,CONDUCTORES PROPIETARIOS DE CAMIONES,"Conductores propietarios de camión de gran tonelaje
Conductores propietarios de camión cisterna
Conductores propietarios de camión TIR (transporte internacional)
Conductores propietarios de camión de mercancías peligrosas",B; G; H; I; J; M,971
8432,CONDUCTORES ASALARIADOS DE CAMIONES,"Conductores asalariados de camión de gran tonelaje
Conductores asalariados de camión cisterna
Conductores asalariados de camión TIR (transporte internacional)
Conductores asalariados de camión de mercancías peligrosas",B; G; H; I; J; M,973
8440,CONDUCTORES DE MOTOCICLETAS Y CICLOMOTORES,"Motoristas repartidores (excepto mensajería)
Motoristas, repartidores de pizzas",A; B; C; D; G; H; I; J; M,975
9100,EMPLEADOS DOMÉSTICOS,"Empleados de hogar
Asistentes del servicio domésticos Limpiadores domésticos",B; C,978
9210,"PERSONAL DE LIMPIEZA DE OFICINAS, HOTELES Y OTROS ESTABLECIMIENTOS SIMILARES","Limpiadores de hoteles Limpiadores de oficinas
Limpiadores en instituciones sanitarias Limpiadores de colegios
Encerador de suelos Limpiadores de aviones Limpiadores de trenes
Limpiadores de autobuses",A; B; C,980
9221,LIMPIADORES EN SECO A MANO Y AFINES,"Limpiadores en seco a mano
Lavanderos a mano Planchadores a mano",B; C,982
9222,LIMPIADORES DE VEHÍCULOS,"Limpiadores de coches
Lavacoches a mano",A; B; C,984
CÓD.,DESCRIPCIÓN,OCUPACIONES INCLUIDAS,GPR,PAG
9223,LIMPIADORES DE VENTANAS,"Limpiadores de ventanas
Limpiadores de ventanas a grandes alturas Limpiadores de cristales en edificios",A; B; C; D; J,986
9229,OTRO PERSONAL DE LIMPIEZA,"Limpiadores de alfombras y moquetas Limpiadores de piscinas
Limpiadores de pintadas",A; B; C,988
9310,AYUDANTES DE COCINA,"Ayudantes de cocina Pinches de cocina Marmitones
Ayudantes de repostería
Fregaplatos",C; M,990
9320,PREPARADORES DE COMIDAS RÁPIDAS,"Churreros
Cocineros-preparadores de hamburguesas, sándwiches y bocadillos
Preparadores de kebabs",C; K; M,992
9410,VENDEDORES CALLEJEROS,Vendedores callejeros,A; B; D; F; G; L,994
9420,"REPARTIDORES DE PUBLICIDAD, LIMPIABOTAS Y OTROS TRABAJADORES DE OFICIOS CALLEJEROS","Repartidores de publicidad Buzoneadores
Distribuidores de prensa gratuita Pegadores de carteles
Limpiadores callejeros de lunas de automóviles Limpiabotas
Aparcacoches callejeros (no conductores)",G; L,996
9431,ORDENANZAS,"Ascensoristas Ordenanzas
Botones",L,998
9432,MOZOS DE EQUIPAJE Y AFINES,Mozo de equipaje,A; B; C; D; H,1000
9433,"REPARTIDORES, RECADISTAS Y MENSAJEROS A PIE","Repartidores a pie de supermercados Repartidores de prensa a domicilio Recadistas a pie
Mensajeros a pie",D; H,1002
9434,LECTORES DE CONTADORES Y RECAUDADORES DE MÁQUINAS RECREATIVAS Y EXPENDEDORAS,"Lectores del contador de la electricidad Lectores del contador del agua Lectores del contador del gas Recaudadores de máquinas recreativas
Recaudadores de máquinas expendedoras (tabaco,
bebidas, golosinas, etc.)
Reponedores de máquinas expendedoras automáticas",J,1004
9441,RECOGEDORES DE RESIDUOS,"Peones de recolección de desechos
Basureros",A; B; C; D; M,1006
9442,"CLASIFICADORES DE DESECHOS, OPERARIOS DE PUNTO LIMPIO Y RECOGEDORES DE CHATARRA","Clasificadores de planta de reciclaje Operarios de punto limpio Recogedores de chatarra Recogedores de cartón
Recogedores selectivos de residuos",A; B; C; D; M,1008
9443,BARRENDEROS Y AFINES,"Barrenderos de parques Barrenderos de calles Barrenderos de estación de tren Barrenderos de aeropuerto
Peones limpiadores de la vía pública
Operarios mantenedores de alcantarillado",A; B; C; D,1010
CÓD.,DESCRIPCIÓN,OCUPACIONES INCLUIDAS,GPR,PAG
9490,OTRAS OCUPACIONES ELEMENTALES,"Revisores de tickets de entrada en espectáculos Empleados guardarropas
Revisores de parquímetros
Ayudantes aparcacoches",D,1012
9511,"PEONES AGRÍCOLAS (EXCEPTO EN HUERTAS, INVERNADEROS, VIVEROS Y JARDINES)","Peones agrícolas en general Peones agrícolas de la aceituna Recolectores de frutas Vendimiadores
Recolectores de hortalizas en cultivo extensivo",A; B; C; D; M,1014
9512,"PEONES AGRÍCOLAS EN HUERTAS, INVERNADEROS, VIVEROS Y JARDINES","Peones agrícolas en horticultura Recolectores de fresas Recolectores de espárragos
Recolectores de hortalizas (en cultivo intensivo) Peones agrícolas en jardinería
Peones agrícolas en viveros
Cortadores de césped",A; B; C; D; M,1016
9520,PEONES GANADEROS,"Peones ganaderos  en explotaciones de bovino/ovino Peones ganaderos  en explotaciones de porcino Peones en explotaciones de aves y conejos
Mozos de cuadra
Peones de limpieza y alimentación del ganado Recogedores de huevos
Peones de granja cinegética",A; B; C; D; M,1018
9530,PEONES AGROPECUARIOS,"Peones agropecuarios
Peones agrícola-ganaderos",A; B; C; D; M,1020
9541,PEONES DE LA PESCA,Peones de la pesca,A; B; C; D; M,1022
9542,PEONES DE LA ACUICULTURA,Peones de acuicultura,A; B; C; D; M,1024
9543,PEONES FORESTALES Y DE LA CAZA,"Peones forestales Leñadores
Limpiadores-desbrozadores de montes Replantadores de árboles en montes Monteros
Ojeadores",A; B; C; D; J; M,1026
9601,PEONES DE OBRAS PÚBLICAS,"Peones de obras públicas Peones camineros Peones asfaltadores
Peones mantenimiento de carreteras Peones mantenimiento de diques Preparadores de pistas de nieve Peones excavaciones arqueológicas
Sepultureros",A; B; C; D; J; M,1028
9602,PEONES DE LA CONSTRUCCIÓN DE EDIFICIOS,"Peones de la construcción de edificios Peones de albañil
Peones de demolición",A; B; C; D; J; M,1030
9603,"PEONES DE LA MINERÍA, CANTERAS Y OTRAS INDUSTRIAS EXTRACTIVAS","Peones de exterior de minas Peones de canteras
Peones de salinas",A; B; C; D; J; M,1032
CÓD.,DESCRIPCIÓN,OCUPACIONES INCLUIDAS,GPR,PAG
9700,PEONES DE LAS INDUSTRIAS MANUFACTURERAS,"Peones de la industria Peones industria alimentaria Peones industria metalúrgica Peones industria textil
Peones de matadero industrial Peones manipuladores de pescado
Encajadores, envasadores y embotelladores a mano Etiquetadores a mano
Peones manipulares cargadores
Peones clasificadores de botellas",A; B; C; D; H; M,1034
9811,PEONES DEL TRANSPORTE DE MERCANCÍAS Y DESCARGADORES,"Peones de carga y descarga
Mozos de almacén, mercados de abastos Estibadores
Maleteros de carga y descarga en aeropuerto (handling)
Mozos de mudanzas",A; B; C; D; H; M,1036
9812,CONDUCTORES DE VEHÍCULOS DE TRACCIÓN ANIMAL PARA EL TRANSPORTE DE PERSONAS Y SIMILARES,"Cocheros, coche a caballo",I; J,1038
9820,REPONEDORES,Reponedores de hipermercados,A; B; C; D,1040
0011,OFICIALES DE LAS FUERZAS ARMADAS,"Capitanes generales Almirantes Generales del aire Tenientes generales
Generales de brigada Coroneles Comandantes Capitanes
Tenientes Alféreces Capitanes de navío
Alféreces de fragata",F; G; H; I; J; L,1043
0012,SUBOFICIALES DE LAS FUERZAS ARMADAS,"Brigadas
Sargentos",F; G; H; I; J; L,1045
0020,TROPA Y MARINERÍA DE LAS FUERZAS ARMADAS,"Cabos
Soldados",A; B; C; D; H; I; J; L,1047
